#
# A fatal error has been detected by the Java Runtime Environment:
#
#  EXCEPTION_ACCESS_VIOLATION (0xc0000005) at pc=0x00007ffa1f66b466, pid=5844, tid=12856
#
# JRE version: OpenJDK Runtime Environment (21.0.8) (build 21.0.8+-14196175-b1038.72)
# Java VM: OpenJDK 64-Bit Server VM (21.0.8+-14196175-b1038.72, mixed mode, tiered, compressed oops, compressed class ptrs, g1 gc, windows-amd64)
# Problematic frame:
# V  [jvm.dll+0x13b466]
#
# No core dump will be written. Minidumps are not enabled by default on client versions of Windows
#
# If you would like to submit a bug report, please visit:
#   https://youtrack.jetbrains.com/issues/JBR
#

---------------  S U M M A R Y ------------

Command Line: --add-opens=java.base/java.lang=ALL-UNNAMED --add-opens=java.base/java.lang.invoke=ALL-UNNAMED --add-opens=java.base/java.util=ALL-UNNAMED --add-opens=java.prefs/java.util.prefs=ALL-UNNAMED --add-exports=jdk.compiler/com.sun.tools.javac.api=ALL-UNNAMED --add-exports=jdk.compiler/com.sun.tools.javac.util=ALL-UNNAMED --add-opens=java.base/java.util=ALL-UNNAMED --add-opens=java.prefs/java.util.prefs=ALL-UNNAMED --add-opens=java.base/java.nio.charset=ALL-UNNAMED --add-opens=java.base/java.net=ALL-UNNAMED --add-opens=java.base/java.util.concurrent.atomic=ALL-UNNAMED --add-opens=java.xml/javax.xml.namespace=ALL-UNNAMED -Xmx1536m -Dfile.encoding=UTF-8 -Duser.country=IN -Duser.language=en -Duser.variant -javaagent:C:\Users\Rahul\.gradle\wrapper\dists\gradle-8.14.3-all\10utluxaxniiv4wxiphsi49nj\gradle-8.14.3\lib\agents\gradle-instrumentation-agent-8.14.3.jar org.gradle.launcher.daemon.bootstrap.GradleDaemon 8.14.3

Host: Intel(R) Core(TM) i5-3570 CPU @ 3.40GHz, 4 cores, 7G,  Windows 10 , 64 bit Build 19041 (10.0.19041.5915)
Time: Sun May 31 14:53:15 2026 India Standard Time elapsed time: 62.046150 seconds (0d 0h 1m 2s)

---------------  T H R E A D  ---------------

Current thread (0x0000021b50d69850):  WorkerThread "G1 Conc#0"      [id=12856, stack(0x0000002786500000,0x0000002786600000) (1024K)]

Stack: [0x0000002786500000,0x0000002786600000],  sp=0x00000027865ff738,  free space=1021k
Native frames: (J=compiled Java code, j=interpreted, Vv=VM code, C=native code)
V  [jvm.dll+0x13b466]


siginfo: EXCEPTION_ACCESS_VIOLATION (0xc0000005), reading address 0x0000000000000008


Registers:
RAX=0x0200004000000000, RBX=0x00000000b3e06901, RCX=0x00000000a21eaad8, RDX=0x00000000a21eaad8
RSP=0x00000027865ff738, RBP=0x0000000000000000, RSI=0x0000021b50d5ac30, RDI=0x00000000a21eaad8
R8 =0x0000000000000000, R9 =0x0000000000000021, R10=0x0000021b50d24510, R11=0x0000000000000003
R12=0x0000000000000000, R13=0x00007ffa2006ccd0, R14=0x0000000100286088, R15=0x00000000b3e06948
RIP=0x00007ffa1f66b466, EFLAGS=0x0000000000010246

XMM[0]=0x0000000000000000 0x0000000000000000
XMM[1]=0x0000000000000000 0x0000000000000000
XMM[2]=0x0000000000000000 0x0000000000000000
XMM[3]=0x0000000000000000 0x0000000000000000
XMM[4]=0x0000000000000000 0x0000000000000000
XMM[5]=0x0000000000000000 0x0000000000000000
XMM[6]=0x0000000000000000 0x0000000000000000
XMM[7]=0x0000000000000000 0x0000000000000000
XMM[8]=0x0000000000000000 0x0000000000000000
XMM[9]=0x0000000000000000 0x0000000000000000
XMM[10]=0x0000000000000000 0x0000000000000000
XMM[11]=0x0000000000000000 0x0000000000000000
XMM[12]=0x0000000000000000 0x0000000000000000
XMM[13]=0x0000000000000000 0x0000000000000000
XMM[14]=0x0000000000000000 0x0000000000000000
XMM[15]=0x0000000000000000 0x0000000000000000
  MXCSR=0x00001fa0


Register to memory mapping:

RAX=0x0200004000000000 is an unknown value
RBX=
[error occurred during error reporting (printing register info), id 0xc0000005, EXCEPTION_ACCESS_VIOLATION (0xc0000005) at pc=0x00007ffa1f66b466]
RCX=0x00000000a21eaad8 is pointing into object: java.lang.String 
{0x00000000a21eaad0} - klass: 'java/lang/String'
 - string: "com/sun/xml/bind/v2/model/annotation/SecureLoader$3"
 - ---- fields (total size 3 words):
 - private 'hash' 'I' @12  -1792006711 (0x953025c9)
 - private final 'coder' 'B' @16  0 (0x00)
 - private 'hashIsZero' 'Z' @17  false (0x00)
 - injected 'flags' 'B' @18  0 (0x00)
 - private final 'value' '[B' @20  [B{0x00000000a21eaae8} (0xa21eaae8)
RDX=0x00000000a21eaad8 is pointing into object: java.lang.String 
{0x00000000a21eaad0} - klass: 'java/lang/String'
 - string: "com/sun/xml/bind/v2/model/annotation/SecureLoader$3"
 - ---- fields (total size 3 words):
 - private 'hash' 'I' @12  -1792006711 (0x953025c9)
 - private final 'coder' 'B' @16  0 (0x00)
 - private 'hashIsZero' 'Z' @17  false (0x00)
 - injected 'flags' 'B' @18  0 (0x00)
 - private final 'value' '[B' @20  [B{0x00000000a21eaae8} (0xa21eaae8)
RSP=0x00000027865ff738 points into unknown readable memory: 0x00007ffa1f84ae3a | 3a ae 84 1f fa 7f 00 00
RBP=0x0 is null
RSI=0x0000021b50d5ac30 points into unknown readable memory: 0x0000021b50d686a0 | a0 86 d6 50 1b 02 00 00
RDI=0x00000000a21eaad8 is pointing into object: java.lang.String 
{0x00000000a21eaad0} - klass: 'java/lang/String'
 - string: "com/sun/xml/bind/v2/model/annotation/SecureLoader$3"
 - ---- fields (total size 3 words):
 - private 'hash' 'I' @12  -1792006711 (0x953025c9)
 - private final 'coder' 'B' @16  0 (0x00)
 - private 'hashIsZero' 'Z' @17  false (0x00)
 - injected 'flags' 'B' @18  0 (0x00)
 - private final 'value' '[B' @20  [B{0x00000000a21eaae8} (0xa21eaae8)
R8 =0x0 is null
R9 =0x0000000000000021 is an unknown value
R10=0x0000021b50d24510 points into unknown readable memory: 0x00007ffa1fea18b0 | b0 18 ea 1f fa 7f 00 00
R11=0x0000000000000003 is an unknown value
R12=0x0 is null
R13=0x00007ffa2006ccd0 jvm.dll
R14=0x0000000100286088 is a pointer to class: 
com.google.common.collect.ImmutableMapEntry$NonTerminalImmutableMapEntry {0x0000000100286090}
 - instance size:     3
 - klass size:        85
 - access:            synchronized 
 - flags:             rewritten has_nonstatic_fields should_verify_class has_localvariable_table has_final_method 
 - state:             fully_initialized
 - name:              'com/google/common/collect/ImmutableMapEntry$NonTerminalImmutableMapEntry'
 - super:             'com/google/common/collect/ImmutableMapEntry'
 - sub:               'com/google/common/collect/ImmutableMapEntry$NonTerminalImmutableBiMapEntry'   
 - arrays:            null
 - methods:           Array<T>(0x0000021b691c7ad0)
 - method ordering:   Array<T>(0x0000021b68000018)
 - local interfaces:  Array<T>(0x0000021b68000058)
 - trans. interfaces: Array<T>(0x0000021b691c7830)
 - secondary supers: Array<T>(0x0000021b691c7e00)
 - hash_slot:         39
 - bitmap:            0x0000000900000000
 - constants:         constant pool [42] {0x0000021b691c7908} for 'com/google/common/collect/ImmutableMapEntry$NonTerminalImmutableMapEntry' cache=0x0000021b691c9750
 - class loader data:  loader data: 0x0000021b676503d0 for instance a 'org/gradle/internal/classloader/VisitableURLClassLoader'{0x00000000a0808578}
 - source file:       'ImmutableMapEntry.java'
 - field type annotations:  Array<T>(0x0000021b691c7ac0)
 - generic signature: '<K:Ljava/lang/Object;V:Ljava/lang/Object;>Lcom/google/common/collect/ImmutableMapEntry<TK;TV;>;'
 - inner classes:     Array<T>(0x0000021b691c7da8)
 - nest members:     Array<T>(0x0000021b68000028)
 - permitted subclasses:     Array<T>(0x0000021b68000028)
 - java mirror:       a 'java/lang/Class'{0x00000000a11b9950} = 'com/google/common/collect/ImmutableMapEntry$NonTerminalImmutableMapEntry'
 - vtable length      11  (start addr: 0x0000000100286288)
 - itable length      9 (start addr: 0x00000001002862e0)
 - ---- static fields (0 words):
 - ---- non-static fields (3 words):
 - final 'key' 'Ljava/lang/Object;' @12 
 - final 'value' 'Ljava/lang/Object;' @16 
 - private final transient 'nextInKeyBucket' 'Lcom/google/common/collect/ImmutableMapEntry;' @20 
 - non-static oop maps: 12-20 
R15=0x00000000b3e06948 is an oop: com.google.common.collect.ImmutableMapEntry 
{0x00000000b3e06948} - klass: 'com/google/common/collect/ImmutableMapEntry'
 - ---- fields (total size 3 words):
 - final 'key' 'Ljava/lang/Object;' @12  
[error occurred during error reporting (printing register info, attempt 2), id 0xc0000005, EXCEPTION_ACCESS_VIOLATION (0xc0000005) at pc=0x00007ffa1fbf1076]

Top of Stack: (sp=0x00000027865ff738)
0x00000027865ff738:   00007ffa1f84ae3a 0000000000000002
0x00000027865ff748:   00007ffa1f84ada6 00000000b42bcaa0
0x00000027865ff758:   00007ffa1f8626c9 00000000b3e0695c
0x00000027865ff768:   00007ffa1f861fb7 00000000b3e06954
0x00000027865ff778:   00000027865ff7d0 0000000100286080
0x00000027865ff788:   0000021b50d5ac30 00000027864ffaa0
0x00000027865ff798:   00000000b3f00000 00000000b3e06948
0x00000027865ff7a8:   00007ffa1f868b44 0000000000000003
0x00000027865ff7b8:   0000000100285de0 0000021b50d5ac30
0x00000027865ff7c8:   00007ffa00000001 00007ffa1fea3290
0x00000027865ff7d8:   0000000000000000 0000000000000003
0x00000027865ff7e8:   0000021b50d24510 0000021b50d5ac30
0x00000027865ff7f8:   0000000000000000 0000000000000034
0x00000027865ff808:   0000000000000000 0000000000000030
0x00000027865ff818:   0000000000000000 0000021b50d69850
0x00000027865ff828:   00007ffa1fdc4454 0000021b50d1af58
0x00000027865ff838:   0000021b50d6f430 0000000000000000
0x00000027865ff848:   0000000000000000 0000000000000000
0x00000027865ff858:   0000021b50d69850 0000000000100000
0x00000027865ff868:   0000000000000000 0000000000000000
0x00000027865ff878:   00007ffa1fd3eac8 0000021b50d69850
0x00000027865ff888:   00000000ffffffff 00000027865ff000
0x00000027865ff898:   0000002786500000 0000000000000004
0x00000027865ff8a8:   0000000000001000 0000000400001000
0x00000027865ff8b8:   0000000000020000 0000000000000000
0x00000027865ff8c8:   00007ffa1fd3f26a 0000021b50d69850
0x00000027865ff8d8:   0000000000000000 00009ce1daa1589c
0x00000027865ff8e8:   0000000000000000 0000000000000000
0x00000027865ff8f8:   00007ffa1fc0512d 0000021b50d69850
0x00000027865ff908:   0000021b50d69850 00000000000075a3
0x00000027865ff918:   0000000000000000 0000000000000000
0x00000027865ff928:   00007ffa573e1bb2 0000021b000075a3 

Instructions: (pc=0x00007ffa1f66b466)
0x00007ffa1f66b366:   4c 63 c0 41 8b c1 48 c1 f8 10 48 63 14 19 41 8b
0x00007ffa1f66b376:   c9 83 e1 3f 48 d3 e2 0f b6 c8 49 8d 04 10 49 f7
0x00007ffa1f66b386:   d0 48 03 c8 49 c1 e8 03 48 c1 e9 03 49 23 c8 eb
0x00007ffa1f66b396:   12 49 8b 00 48 8b d3 49 8b c8 ff 90 00 01 00 00
0x00007ffa1f66b3a6:   48 8b c8 48 89 1f 48 8b c7 48 8b 5c 24 30 48 89
0x00007ffa1f66b3b6:   4f 08 48 83 c4 20 5f c3 cc cc 0f b6 05 d1 1e a0
0x00007ffa1f66b3c6:   00 48 8b d1 84 c0 74 16 44 8b 41 08 8b 0d c0 0b
0x00007ffa1f66b3d6:   a0 00 49 d3 e0 4c 03 05 ae 0b a0 00 eb 04 4c 8b
0x00007ffa1f66b3e6:   41 08 45 8b 48 08 45 85 c9 7e 0e 41 f6 c1 01 75
0x00007ffa1f66b3f6:   53 41 c1 f9 03 49 63 c1 c3 79 49 84 c0 41 b8 0c
0x00007ffa1f66b406:   00 00 00 8b 05 79 1c a0 00 b9 10 00 00 00 41 0f
0x00007ffa1f66b416:   45 c8 ff c8 4c 63 c0 41 8b c1 48 c1 f8 10 0f b6
0x00007ffa1f66b426:   c0 48 63 14 11 41 8b c9 83 e1 3f 48 d3 e2 49 8d
0x00007ffa1f66b436:   0c 10 49 f7 d0 48 03 c1 49 c1 e8 03 48 c1 e8 03
0x00007ffa1f66b446:   49 23 c0 c3 49 8b 00 49 8b c8 48 ff a0 00 01 00
0x00007ffa1f66b456:   00 cc cc cc cc cc cc cc cc cc 4c 8b c2 48 8b d1
0x00007ffa1f66b466:   45 8b 48 08 45 85 c9 7e 0e 41 f6 c1 01 75 56 41
0x00007ffa1f66b476:   c1 f9 03 49 63 c1 c3 79 4c 80 3d 12 1e a0 00 00
0x00007ffa1f66b486:   b8 0c 00 00 00 b9 10 00 00 00 0f 45 c8 8b 05 ef
0x00007ffa1f66b496:   1b a0 00 ff c8 4c 63 c0 41 8b c1 48 c1 f8 10 48
0x00007ffa1f66b4a6:   63 14 11 41 8b c9 83 e1 3f 0f b6 c0 48 d3 e2 49
0x00007ffa1f66b4b6:   8d 0c 10 49 f7 d0 48 03 c1 49 c1 e8 03 48 c1 e8
0x00007ffa1f66b4c6:   03 49 23 c0 c3 49 8b 00 49 8b c8 48 ff a0 00 01
0x00007ffa1f66b4d6:   00 00 cc cc cc cc cc cc cc cc 40 53 48 83 ec 20
0x00007ffa1f66b4e6:   48 8b d9 49 8b c0 33 c9 45 0f b6 c1 48 89 0b 48
0x00007ffa1f66b4f6:   89 4b 08 48 8b cb 48 89 53 10 48 8b d0 e8 28 09
0x00007ffa1f66b506:   00 00 48 8b c3 48 83 c4 20 5b c3 cc cc cc cc cc
0x00007ffa1f66b516:   cc cc cc cc cc cc cc cc cc cc 40 53 48 83 ec 20
0x00007ffa1f66b526:   33 c0 44 88 41 10 45 0f b6 c1 48 89 01 48 89 41
0x00007ffa1f66b536:   08 48 8b d9 e8 01 0a 00 00 48 8b c3 48 83 c4 20
0x00007ffa1f66b546:   5b c3 cc cc cc cc cc cc cc cc 40 53 48 83 ec 20
0x00007ffa1f66b556:   33 c0 48 8b d9 48 89 01 48 89 41 08 e8 99 0b 00 


Stack slot to memory mapping:

stack at sp + 0 slots: 0x00007ffa1f84ae3a jvm.dll
stack at sp + 1 slots: 0x0000000000000002 is an unknown value
stack at sp + 2 slots: 0x00007ffa1f84ada6 jvm.dll
stack at sp + 3 slots: 0x00000000b42bcaa0 is an oop: com.google.common.collect.MapMakerInternalMap$WeakKeyDummyValueEntry 
{0x00000000b42bcaa0} - klass: 'com/google/common/collect/MapMakerInternalMap$WeakKeyDummyValueEntry'
 - ---- fields (total size 4 words):
 - private 'referent' 'Ljava/lang/Object;' @12  "C:\Users\Rahul\.gradle\caches\8.14.3\transforms\ca99309983b7089385cd7d40612a75f6\results.bin"{0x00000000b4289f20} (0xb4289f20)
 - volatile 'queue' 'Ljava/lang/ref/ReferenceQueue;' @16  a 'java/lang/ref/ReferenceQueue'{0x00000000a13573a8} (0xa13573a8)
 - volatile 'next' 'Ljava/lang/ref/Reference;' @20  null (0x00000000)
 - private transient 'discovered' 'Ljava/lang/ref/Reference;' @24  null (0x00000000)
 - final 'hash' 'I' @28  -66946626 (0xfc0279be)
stack at sp + 4 slots: 0x00007ffa1f8626c9 jvm.dll
stack at sp + 5 slots: 
[error occurred during error reporting (inspecting top of stack), id 0xc0000005, EXCEPTION_ACCESS_VIOLATION (0xc0000005) at pc=0x00007ffa1f66b466]
stack at sp + 6 slots: 0x00007ffa1f861fb7 jvm.dll
stack at sp + 7 slots: 
[error occurred during error reporting (inspecting top of stack, attempt 2), id 0xc0000005, EXCEPTION_ACCESS_VIOLATION (0xc0000005) at pc=0x00007ffa1f66b466]


---------------  P R O C E S S  ---------------

Threads class SMR info:
_java_thread_list=0x0000021b6f1cc6a0, length=76, elements={
0x0000021b50d12660, 0x0000021b67235520, 0x0000021b672379b0, 0x0000021b67249460,
0x0000021b67256ef0, 0x0000021b67257950, 0x0000021b672583b0, 0x0000021b67258e10,
0x0000021b67259fb0, 0x0000021b6725ba60, 0x0000021b6757a0a0, 0x0000021b6c336c10,
0x0000021b6d04e2f0, 0x0000021b678437c0, 0x0000021b6c4df200, 0x0000021b6c4df870,
0x0000021b6d43d7e0, 0x0000021b6d43e510, 0x0000021b6784e3e0, 0x0000021b6784ea70,
0x0000021b6784f100, 0x0000021b6784f790, 0x0000021b6d72ce80, 0x0000021b6d72bad0,
0x0000021b6d727930, 0x0000021b6d72a090, 0x0000021b6d72ef50, 0x0000021b6d727fc0,
0x0000021b6d728650, 0x0000021b6d72e230, 0x0000021b6d72adb0, 0x0000021b6d72d510,
0x0000021b6d72dba0, 0x0000021b6d72c160, 0x0000021b6d728ce0, 0x0000021b6d72c7f0,
0x0000021b6fe90360, 0x0000021b6fe8cee0, 0x0000021b6fe91080, 0x0000021b6fe8ae10,
0x0000021b6fe8b4a0, 0x0000021b6fe8c1c0, 0x0000021b6fe8bb30, 0x0000021b6fe8c850,
0x0000021b6fe8d570, 0x0000021b6fe8dc00, 0x0000021b6fe8e290, 0x0000021b6fe8efb0,
0x0000021b6fe91710, 0x0000021b6fe8e920, 0x0000021b6fe8f640, 0x0000021b6fe909f0,
0x0000021b6fe8a780, 0x0000021b6fe91da0, 0x0000021b714e2d40, 0x0000021b714e4780,
0x0000021b714e5b30, 0x0000021b714e61c0, 0x0000021b714e3a60, 0x0000021b714e4e10,
0x0000021b714e1990, 0x0000021b714e54a0, 0x0000021b714e6850, 0x0000021b714e6ee0,
0x0000021b714e05e0, 0x0000021b714dff50, 0x0000021b714e7570, 0x0000021b714e1300,
0x0000021b714e2020, 0x0000021b714e26b0, 0x0000021b714e40f0, 0x0000021b6ff14da0,
0x0000021b6db5e020, 0x0000021b775e8fe0, 0x0000021b775ebdd0, 0x0000021b775e9670
}

Java Threads: ( => current thread )
  0x0000021b50d12660 JavaThread "main"                              [_thread_blocked, id=4828, stack(0x0000002786200000,0x0000002786300000) (1024K)]
  0x0000021b67235520 JavaThread "Common-Cleaner"             daemon [_thread_blocked, id=13928, stack(0x0000002786a00000,0x0000002786b00000) (1024K)]
  0x0000021b672379b0 JavaThread "Reference Handler"          daemon [_thread_blocked, id=12796, stack(0x0000002786b00000,0x0000002786c00000) (1024K)]
  0x0000021b67249460 JavaThread "Finalizer"                  daemon [_thread_blocked, id=4188, stack(0x0000002786c00000,0x0000002786d00000) (1024K)]
  0x0000021b67256ef0 JavaThread "Signal Dispatcher"          daemon [_thread_blocked, id=14176, stack(0x0000002786d00000,0x0000002786e00000) (1024K)]
  0x0000021b67257950 JavaThread "Attach Listener"            daemon [_thread_blocked, id=12612, stack(0x0000002786e00000,0x0000002786f00000) (1024K)]
  0x0000021b672583b0 JavaThread "Service Thread"             daemon [_thread_blocked, id=12100, stack(0x0000002786f00000,0x0000002787000000) (1024K)]
  0x0000021b67258e10 JavaThread "Monitor Deflation Thread"   daemon [_thread_blocked, id=5232, stack(0x0000002787000000,0x0000002787100000) (1024K)]
  0x0000021b67259fb0 JavaThread "C2 CompilerThread0"         daemon [_thread_in_native, id=10036, stack(0x0000002787100000,0x0000002787200000) (1024K)]
  0x0000021b6725ba60 JavaThread "C1 CompilerThread0"         daemon [_thread_blocked, id=4464, stack(0x0000002787200000,0x0000002787300000) (1024K)]
  0x0000021b6757a0a0 JavaThread "Notification Thread"        daemon [_thread_blocked, id=14572, stack(0x0000002787300000,0x0000002787400000) (1024K)]
  0x0000021b6c336c10 JavaThread "Daemon health stats"               [_thread_blocked, id=6300, stack(0x0000002787800000,0x0000002787900000) (1024K)]
  0x0000021b6d04e2f0 JavaThread "Incoming local TCP Connector on port 62055"        [_thread_in_native, id=6980, stack(0x0000002787600000,0x0000002787700000) (1024K)]
  0x0000021b678437c0 JavaThread "Daemon periodic checks"            [_thread_blocked, id=14580, stack(0x0000002787900000,0x0000002787a00000) (1024K)]
  0x0000021b6c4df200 JavaThread "Daemon"                            [_thread_blocked, id=1204, stack(0x0000002787a00000,0x0000002787b00000) (1024K)]
  0x0000021b6c4df870 JavaThread "Handler for socket connection from /127.0.0.1:62055 to /127.0.0.1:62056"        [_thread_in_native, id=12392, stack(0x0000002787b00000,0x0000002787c00000) (1024K)]
  0x0000021b6d43d7e0 JavaThread "Cancel handler"                    [_thread_blocked, id=11744, stack(0x0000002787c00000,0x0000002787d00000) (1024K)]
  0x0000021b6d43e510 JavaThread "Daemon worker"                     [_thread_blocked, id=11624, stack(0x0000002787d00000,0x0000002787e00000) (1024K)]
  0x0000021b6784e3e0 JavaThread "Asynchronous log dispatcher for DefaultDaemonConnection: socket connection from /127.0.0.1:62055 to /127.0.0.1:62056"        [_thread_blocked, id=14576, stack(0x0000002787e00000,0x0000002787f00000) (1024K)]
  0x0000021b6784ea70 JavaThread "Stdin handler"                     [_thread_blocked, id=2176, stack(0x0000002787f00000,0x0000002788000000) (1024K)]
  0x0000021b6784f100 JavaThread "Daemon client event forwarder"        [_thread_blocked, id=5516, stack(0x0000002788000000,0x0000002788100000) (1024K)]
  0x0000021b6784f790 JavaThread "Cache worker for journal cache (C:\Users\Rahul\.gradle\caches\journal-1)"        [_thread_blocked, id=4068, stack(0x0000002788100000,0x0000002788200000) (1024K)]
  0x0000021b6d72ce80 JavaThread "File lock request listener"        [_thread_in_native, id=10940, stack(0x0000002788200000,0x0000002788300000) (1024K)]
  0x0000021b6d72bad0 JavaThread "Cache worker for file hash cache (C:\Users\Rahul\.gradle\caches\8.14.3\fileHashes)"        [_thread_blocked, id=7632, stack(0x0000002788300000,0x0000002788400000) (1024K)]
  0x0000021b6d727930 JavaThread "Cache worker for file hash cache (D:\ALL PROJECTS\FINTOOL WEB\app\android\.gradle\8.14.3\fileHashes)"        [_thread_blocked, id=12592, stack(0x0000002788500000,0x0000002788600000) (1024K)]
  0x0000021b6d72a090 JavaThread "Cache worker for Build Output Cleanup Cache (D:\ALL PROJECTS\FINTOOL WEB\app\android\.gradle\buildOutputCleanup)"        [_thread_blocked, id=12388, stack(0x0000002788600000,0x0000002788700000) (1024K)]
  0x0000021b6d72ef50 JavaThread "File watcher server"        daemon [_thread_in_native, id=14956, stack(0x0000002788700000,0x0000002788800000) (1024K)]
  0x0000021b6d727fc0 JavaThread "File watcher consumer"      daemon [_thread_blocked, id=14972, stack(0x0000002788800000,0x0000002788900000) (1024K)]
  0x0000021b6d728650 JavaThread "jar transforms"                    [_thread_blocked, id=8760, stack(0x0000002788900000,0x0000002788a00000) (1024K)]
  0x0000021b6d72e230 JavaThread "jar transforms Thread 2"           [_thread_blocked, id=7968, stack(0x0000002788a00000,0x0000002788b00000) (1024K)]
  0x0000021b6d72adb0 JavaThread "jar transforms Thread 3"           [_thread_blocked, id=6340, stack(0x0000002788b00000,0x0000002788c00000) (1024K)]
  0x0000021b6d72d510 JavaThread "jar transforms Thread 4"           [_thread_blocked, id=14584, stack(0x0000002788c00000,0x0000002788d00000) (1024K)]
  0x0000021b6d72dba0 JavaThread "Cache worker for checksums cache (D:\ALL PROJECTS\FINTOOL WEB\app\android\.gradle\8.14.3\checksums)"        [_thread_blocked, id=236, stack(0x0000002788d00000,0x0000002788e00000) (1024K)]
  0x0000021b6d72c160 JavaThread "Cache worker for file content cache (C:\Users\Rahul\.gradle\caches\8.14.3\fileContent)"        [_thread_blocked, id=15040, stack(0x0000002788e00000,0x0000002788f00000) (1024K)]
  0x0000021b6d728ce0 JavaThread "Cache worker for cache directory md-supplier (C:\Users\Rahul\.gradle\caches\8.14.3\md-supplier)"        [_thread_blocked, id=6312, stack(0x0000002788f00000,0x0000002789000000) (1024K)]
  0x0000021b6d72c7f0 JavaThread "Cache worker for cache directory md-rule (C:\Users\Rahul\.gradle\caches\8.14.3\md-rule)"        [_thread_blocked, id=10640, stack(0x0000002789000000,0x0000002789100000) (1024K)]
  0x0000021b6fe90360 JavaThread "Unconstrained build operations"        [_thread_blocked, id=1880, stack(0x0000002789100000,0x0000002789200000) (1024K)]
  0x0000021b6fe8cee0 JavaThread "Unconstrained build operations Thread 2"        [_thread_blocked, id=5688, stack(0x0000002789200000,0x0000002789300000) (1024K)]
  0x0000021b6fe91080 JavaThread "Unconstrained build operations Thread 3"        [_thread_blocked, id=2200, stack(0x0000002789400000,0x0000002789500000) (1024K)]
  0x0000021b6fe8ae10 JavaThread "Unconstrained build operations Thread 4"        [_thread_blocked, id=7596, stack(0x0000002789500000,0x0000002789600000) (1024K)]
  0x0000021b6fe8b4a0 JavaThread "Unconstrained build operations Thread 5"        [_thread_blocked, id=3316, stack(0x0000002789600000,0x0000002789700000) (1024K)]
  0x0000021b6fe8c1c0 JavaThread "Unconstrained build operations Thread 6"        [_thread_blocked, id=10688, stack(0x0000002789700000,0x0000002789800000) (1024K)]
  0x0000021b6fe8bb30 JavaThread "Unconstrained build operations Thread 7"        [_thread_blocked, id=13856, stack(0x0000002789800000,0x0000002789900000) (1024K)]
  0x0000021b6fe8c850 JavaThread "Unconstrained build operations Thread 8"        [_thread_blocked, id=9848, stack(0x0000002789900000,0x0000002789a00000) (1024K)]
  0x0000021b6fe8d570 JavaThread "Unconstrained build operations Thread 9"        [_thread_blocked, id=7156, stack(0x0000002788400000,0x0000002788500000) (1024K)]
  0x0000021b6fe8dc00 JavaThread "Unconstrained build operations Thread 10"        [_thread_blocked, id=4596, stack(0x0000002789a00000,0x0000002789b00000) (1024K)]
  0x0000021b6fe8e290 JavaThread "Unconstrained build operations Thread 11"        [_thread_blocked, id=14980, stack(0x0000002789b00000,0x0000002789c00000) (1024K)]
  0x0000021b6fe8efb0 JavaThread "Unconstrained build operations Thread 12"        [_thread_blocked, id=8676, stack(0x0000002789c00000,0x0000002789d00000) (1024K)]
  0x0000021b6fe91710 JavaThread "Unconstrained build operations Thread 13"        [_thread_blocked, id=10560, stack(0x0000002789d00000,0x0000002789e00000) (1024K)]
  0x0000021b6fe8e920 JavaThread "Unconstrained build operations Thread 14"        [_thread_blocked, id=14888, stack(0x0000002789e00000,0x0000002789f00000) (1024K)]
  0x0000021b6fe8f640 JavaThread "Unconstrained build operations Thread 15"        [_thread_blocked, id=7416, stack(0x0000002789f00000,0x000000278a000000) (1024K)]
  0x0000021b6fe909f0 JavaThread "Unconstrained build operations Thread 16"        [_thread_blocked, id=6908, stack(0x000000278a000000,0x000000278a100000) (1024K)]
  0x0000021b6fe8a780 JavaThread "Unconstrained build operations Thread 17"        [_thread_blocked, id=11600, stack(0x000000278a100000,0x000000278a200000) (1024K)]
  0x0000021b6fe91da0 JavaThread "Unconstrained build operations Thread 18"        [_thread_blocked, id=5828, stack(0x000000278a200000,0x000000278a300000) (1024K)]
  0x0000021b714e2d40 JavaThread "Unconstrained build operations Thread 19"        [_thread_blocked, id=6072, stack(0x000000278a400000,0x000000278a500000) (1024K)]
  0x0000021b714e4780 JavaThread "Unconstrained build operations Thread 20"        [_thread_blocked, id=3040, stack(0x000000278a500000,0x000000278a600000) (1024K)]
  0x0000021b714e5b30 JavaThread "Unconstrained build operations Thread 21"        [_thread_blocked, id=5056, stack(0x000000278a300000,0x000000278a400000) (1024K)]
  0x0000021b714e61c0 JavaThread "Unconstrained build operations Thread 22"        [_thread_blocked, id=15116, stack(0x000000278a600000,0x000000278a700000) (1024K)]
  0x0000021b714e3a60 JavaThread "Unconstrained build operations Thread 23"        [_thread_blocked, id=9372, stack(0x000000278a700000,0x000000278a800000) (1024K)]
  0x0000021b714e4e10 JavaThread "Unconstrained build operations Thread 24"        [_thread_blocked, id=14520, stack(0x000000278a800000,0x000000278a900000) (1024K)]
  0x0000021b714e1990 JavaThread "Unconstrained build operations Thread 25"        [_thread_blocked, id=14068, stack(0x000000278a900000,0x000000278aa00000) (1024K)]
  0x0000021b714e54a0 JavaThread "Unconstrained build operations Thread 26"        [_thread_blocked, id=3356, stack(0x000000278aa00000,0x000000278ab00000) (1024K)]
  0x0000021b714e6850 JavaThread "Unconstrained build operations Thread 27"        [_thread_blocked, id=5756, stack(0x000000278ab00000,0x000000278ac00000) (1024K)]
  0x0000021b714e6ee0 JavaThread "Unconstrained build operations Thread 28"        [_thread_blocked, id=11032, stack(0x000000278ac00000,0x000000278ad00000) (1024K)]
  0x0000021b714e05e0 JavaThread "Unconstrained build operations Thread 29"        [_thread_blocked, id=14724, stack(0x000000278ad00000,0x000000278ae00000) (1024K)]
  0x0000021b714dff50 JavaThread "Unconstrained build operations Thread 30"        [_thread_blocked, id=7680, stack(0x000000278ae00000,0x000000278af00000) (1024K)]
  0x0000021b714e7570 JavaThread "Unconstrained build operations Thread 31"        [_thread_blocked, id=756, stack(0x000000278af00000,0x000000278b000000) (1024K)]
  0x0000021b714e1300 JavaThread "Unconstrained build operations Thread 32"        [_thread_blocked, id=13756, stack(0x000000278b000000,0x000000278b100000) (1024K)]
  0x0000021b714e2020 JavaThread "Unconstrained build operations Thread 33"        [_thread_blocked, id=13256, stack(0x000000278b200000,0x000000278b300000) (1024K)]
  0x0000021b714e26b0 JavaThread "Unconstrained build operations Thread 34"        [_thread_blocked, id=436, stack(0x000000278b300000,0x000000278b400000) (1024K)]
  0x0000021b714e40f0 JavaThread "Unconstrained build operations Thread 35"        [_thread_blocked, id=956, stack(0x000000278b400000,0x000000278b500000) (1024K)]
  0x0000021b6ff14da0 JavaThread "Memory manager"                    [_thread_blocked, id=14976, stack(0x000000278b700000,0x000000278b800000) (1024K)]
  0x0000021b6db5e020 JavaThread "C2 CompilerThread1"         daemon [_thread_in_native, id=6504, stack(0x0000002785f00000,0x0000002786000000) (1024K)]
  0x0000021b775e8fe0 JavaThread "Unconstrained build operations Thread 36"        [_thread_in_native, id=14020, stack(0x0000002786000000,0x0000002786100000) (1024K)]
  0x0000021b775ebdd0 JavaThread "Unconstrained build operations Thread 37"        [_thread_blocked, id=7252, stack(0x0000002786100000,0x0000002786200000) (1024K)]
  0x0000021b775e9670 JavaThread "Unconstrained build operations Thread 38"        [_thread_blocked, id=4100, stack(0x000000278b100000,0x000000278b200000) (1024K)]
Total: 76

Other Threads:
  0x0000021b6707fe00 VMThread "VM Thread"                           [id=4012, stack(0x0000002786900000,0x0000002786a00000) (1024K)]
  0x0000021b66fe2e80 WatcherThread "VM Periodic Task Thread"        [id=14880, stack(0x0000002786800000,0x0000002786900000) (1024K)]
  0x0000021b50d5a630 WorkerThread "GC Thread#0"                     [id=10540, stack(0x0000002786300000,0x0000002786400000) (1024K)]
  0x0000021b6772af40 WorkerThread "GC Thread#1"                     [id=10092, stack(0x0000002787400000,0x0000002787500000) (1024K)]
  0x0000021b6772b2e0 WorkerThread "GC Thread#2"                     [id=7220, stack(0x0000002787500000,0x0000002787600000) (1024K)]
  0x0000021b6c666b00 WorkerThread "GC Thread#3"                     [id=4356, stack(0x0000002787700000,0x0000002787800000) (1024K)]
  0x0000021b50d686a0 ConcurrentGCThread "G1 Main Marker"            [id=9144, stack(0x0000002786400000,0x0000002786500000) (1024K)]
=>0x0000021b50d69850 WorkerThread "G1 Conc#0"                       [id=12856, stack(0x0000002786500000,0x0000002786600000) (1024K)]
  0x0000021b50dde2c0 ConcurrentGCThread "G1 Refine#0"               [id=7788, stack(0x0000002786600000,0x0000002786700000) (1024K)]
  0x0000021b66eaa0f0 ConcurrentGCThread "G1 Service"                [id=12816, stack(0x0000002786700000,0x0000002786800000) (1024K)]
Total: 10

Threads with active compile tasks:
C2 CompilerThread0  62111 18689       4       org.gradle.api.internal.initialization.transform.MergeInstrumentationAnalysisTransform::doMergeAndOutputAnalysis (167 bytes)
C2 CompilerThread1  62111 18743       4       java.util.AbstractSet::hashCode (39 bytes)
Total: 2

VM state: not at safepoint (normal execution)

VM Mutex/Monitor currently owned by a thread: None

Heap address: 0x00000000a0000000, size: 1536 MB, Compressed Oops mode: 32-bit

CDS archive(s) not mapped
Compressed class space mapped at: 0x0000000100000000-0x0000000140000000, reserved size: 1073741824
Narrow klass base: 0x0000000000000000, Narrow klass shift: 3, Narrow klass range: 0x140000000

GC Precious Log:
 CardTable entry size: 512
 Card Set container configuration: InlinePtr #cards 5 size 8 Array Of Cards #cards 12 size 40 Howl #buckets 4 coarsen threshold 1843 Howl Bitmap #cards 512 size 80 coarsen threshold 460 Card regions per heap region 1 cards per card region 2048
 CPUs: 4 total, 4 available
 Memory: 8147M
 Large Page Support: Disabled
 NUMA Support: Disabled
 Compressed Oops: Enabled (32-bit)
 Heap Region Size: 1M
 Heap Min Capacity: 8M
 Heap Initial Capacity: 128M
 Heap Max Capacity: 1536M
 Pre-touch: Disabled
 Parallel Workers: 4
 Concurrent Workers: 1
 Concurrent Refinement Workers: 4
 Periodic GC: Disabled

Heap:
 garbage-first heap   total 338944K, used 190366K [0x00000000a0000000, 0x0000000100000000)
  region size 1024K, 31 young (31744K), 9 survivors (9216K)
 Metaspace       used 111712K, committed 113856K, reserved 1179648K
  class space    used 15167K, committed 16192K, reserved 1048576K

Heap Regions: E=young(eden), S=young(survivor), O=old, HS=humongous(starts), HC=humongous(continues), CS=collection set, F=free, TAMS=top-at-mark-start, PB=parsable bottom
|   0|0x00000000a0000000, 0x00000000a0100000, 0x00000000a0100000|100%|HS|  |TAMS 0x00000000a0100000| PB 0x00000000a0000000| Complete 
|   1|0x00000000a0100000, 0x00000000a0200000, 0x00000000a0200000|100%|HC|  |TAMS 0x00000000a0200000| PB 0x00000000a0100000| Complete 
|   2|0x00000000a0200000, 0x00000000a0300000, 0x00000000a0300000|100%|HC|  |TAMS 0x00000000a0300000| PB 0x00000000a0200000| Complete 
|   3|0x00000000a0300000, 0x00000000a0400000, 0x00000000a0400000|100%| O|  |TAMS 0x00000000a0400000| PB 0x00000000a0300000| Untracked 
|   4|0x00000000a0400000, 0x00000000a0500000, 0x00000000a0500000|100%| O|  |TAMS 0x00000000a0500000| PB 0x00000000a0400000| Untracked 
|   5|0x00000000a0500000, 0x00000000a0600000, 0x00000000a0600000|100%| O|  |TAMS 0x00000000a0600000| PB 0x00000000a0500000| Untracked 
|   6|0x00000000a0600000, 0x00000000a0700000, 0x00000000a0700000|100%|HS|  |TAMS 0x00000000a0700000| PB 0x00000000a0600000| Complete 
|   7|0x00000000a0700000, 0x00000000a0800000, 0x00000000a0800000|100%| O|  |TAMS 0x00000000a0800000| PB 0x00000000a0700000| Untracked 
|   8|0x00000000a0800000, 0x00000000a0900000, 0x00000000a0900000|100%| O|  |TAMS 0x00000000a0900000| PB 0x00000000a0800000| Untracked 
|   9|0x00000000a0900000, 0x00000000a0a00000, 0x00000000a0a00000|100%| O|  |TAMS 0x00000000a0a00000| PB 0x00000000a0900000| Untracked 
|  10|0x00000000a0a00000, 0x00000000a0b00000, 0x00000000a0b00000|100%| O|  |TAMS 0x00000000a0b00000| PB 0x00000000a0a00000| Untracked 
|  11|0x00000000a0b00000, 0x00000000a0c00000, 0x00000000a0c00000|100%| O|  |TAMS 0x00000000a0c00000| PB 0x00000000a0b00000| Untracked 
|  12|0x00000000a0c00000, 0x00000000a0d00000, 0x00000000a0d00000|100%| O|  |TAMS 0x00000000a0d00000| PB 0x00000000a0c00000| Untracked 
|  13|0x00000000a0d00000, 0x00000000a0e00000, 0x00000000a0e00000|100%| O|  |TAMS 0x00000000a0e00000| PB 0x00000000a0d00000| Untracked 
|  14|0x00000000a0e00000, 0x00000000a0f00000, 0x00000000a0f00000|100%| O|  |TAMS 0x00000000a0f00000| PB 0x00000000a0e00000| Untracked 
|  15|0x00000000a0f00000, 0x00000000a1000000, 0x00000000a1000000|100%| O|  |TAMS 0x00000000a1000000| PB 0x00000000a0f00000| Untracked 
|  16|0x00000000a1000000, 0x00000000a1100000, 0x00000000a1100000|100%| O|  |TAMS 0x00000000a1100000| PB 0x00000000a1000000| Untracked 
|  17|0x00000000a1100000, 0x00000000a1200000, 0x00000000a1200000|100%| O|  |TAMS 0x00000000a1200000| PB 0x00000000a1100000| Untracked 
|  18|0x00000000a1200000, 0x00000000a1300000, 0x00000000a1300000|100%| O|  |TAMS 0x00000000a1300000| PB 0x00000000a1200000| Untracked 
|  19|0x00000000a1300000, 0x00000000a1400000, 0x00000000a1400000|100%| O|  |TAMS 0x00000000a1400000| PB 0x00000000a1300000| Untracked 
|  20|0x00000000a1400000, 0x00000000a1500000, 0x00000000a1500000|100%| O|  |TAMS 0x00000000a1500000| PB 0x00000000a1400000| Untracked 
|  21|0x00000000a1500000, 0x00000000a1600000, 0x00000000a1600000|100%| O|  |TAMS 0x00000000a1600000| PB 0x00000000a1500000| Untracked 
|  22|0x00000000a1600000, 0x00000000a1700000, 0x00000000a1700000|100%| O|  |TAMS 0x00000000a1700000| PB 0x00000000a1600000| Untracked 
|  23|0x00000000a1700000, 0x00000000a1800000, 0x00000000a1800000|100%|HS|  |TAMS 0x00000000a1800000| PB 0x00000000a1700000| Complete 
|  24|0x00000000a1800000, 0x00000000a1900000, 0x00000000a1900000|100%| O|  |TAMS 0x00000000a1900000| PB 0x00000000a1800000| Untracked 
|  25|0x00000000a1900000, 0x00000000a1a00000, 0x00000000a1a00000|100%| O|  |TAMS 0x00000000a1a00000| PB 0x00000000a1900000| Untracked 
|  26|0x00000000a1a00000, 0x00000000a1b00000, 0x00000000a1b00000|100%| O|  |TAMS 0x00000000a1b00000| PB 0x00000000a1a00000| Untracked 
|  27|0x00000000a1b00000, 0x00000000a1c00000, 0x00000000a1c00000|100%| O|  |TAMS 0x00000000a1c00000| PB 0x00000000a1b00000| Untracked 
|  28|0x00000000a1c00000, 0x00000000a1d00000, 0x00000000a1d00000|100%| O|  |TAMS 0x00000000a1d00000| PB 0x00000000a1c00000| Untracked 
|  29|0x00000000a1d00000, 0x00000000a1e00000, 0x00000000a1e00000|100%| O|  |TAMS 0x00000000a1e00000| PB 0x00000000a1d00000| Untracked 
|  30|0x00000000a1e00000, 0x00000000a1f00000, 0x00000000a1f00000|100%| O|  |TAMS 0x00000000a1f00000| PB 0x00000000a1e00000| Untracked 
|  31|0x00000000a1f00000, 0x00000000a2000000, 0x00000000a2000000|100%| O|  |TAMS 0x00000000a2000000| PB 0x00000000a1f00000| Untracked 
|  32|0x00000000a2000000, 0x00000000a2100000, 0x00000000a2100000|100%| O|  |TAMS 0x00000000a2100000| PB 0x00000000a2000000| Untracked 
|  33|0x00000000a2100000, 0x00000000a2200000, 0x00000000a2200000|100%| O|  |TAMS 0x00000000a2200000| PB 0x00000000a2100000| Untracked 
|  34|0x00000000a2200000, 0x00000000a2300000, 0x00000000a2300000|100%| O|  |TAMS 0x00000000a2300000| PB 0x00000000a2200000| Untracked 
|  35|0x00000000a2300000, 0x00000000a2400000, 0x00000000a2400000|100%| O|  |TAMS 0x00000000a2400000| PB 0x00000000a2300000| Untracked 
|  36|0x00000000a2400000, 0x00000000a2500000, 0x00000000a2500000|100%| O|  |TAMS 0x00000000a2500000| PB 0x00000000a2400000| Untracked 
|  37|0x00000000a2500000, 0x00000000a2600000, 0x00000000a2600000|100%| O|  |TAMS 0x00000000a2600000| PB 0x00000000a2500000| Untracked 
|  38|0x00000000a2600000, 0x00000000a2700000, 0x00000000a2700000|100%| O|  |TAMS 0x00000000a2700000| PB 0x00000000a2600000| Untracked 
|  39|0x00000000a2700000, 0x00000000a2800000, 0x00000000a2800000|100%| O|  |TAMS 0x00000000a2800000| PB 0x00000000a2700000| Untracked 
|  40|0x00000000a2800000, 0x00000000a2900000, 0x00000000a2900000|100%| O|  |TAMS 0x00000000a2900000| PB 0x00000000a2800000| Untracked 
|  41|0x00000000a2900000, 0x00000000a2a00000, 0x00000000a2a00000|100%| O|  |TAMS 0x00000000a2a00000| PB 0x00000000a2900000| Untracked 
|  42|0x00000000a2a00000, 0x00000000a2b00000, 0x00000000a2b00000|100%| O|  |TAMS 0x00000000a2b00000| PB 0x00000000a2a00000| Untracked 
|  43|0x00000000a2b00000, 0x00000000a2c00000, 0x00000000a2c00000|100%| O|  |TAMS 0x00000000a2c00000| PB 0x00000000a2b00000| Untracked 
|  44|0x00000000a2c00000, 0x00000000a2d00000, 0x00000000a2d00000|100%| O|  |TAMS 0x00000000a2d00000| PB 0x00000000a2c00000| Untracked 
|  45|0x00000000a2d00000, 0x00000000a2e00000, 0x00000000a2e00000|100%| O|  |TAMS 0x00000000a2e00000| PB 0x00000000a2d00000| Untracked 
|  46|0x00000000a2e00000, 0x00000000a2f00000, 0x00000000a2f00000|100%|HS|  |TAMS 0x00000000a2f00000| PB 0x00000000a2e00000| Complete 
|  47|0x00000000a2f00000, 0x00000000a3000000, 0x00000000a3000000|100%| O|  |TAMS 0x00000000a3000000| PB 0x00000000a2f00000| Untracked 
|  48|0x00000000a3000000, 0x00000000a3100000, 0x00000000a3100000|100%| O|  |TAMS 0x00000000a3100000| PB 0x00000000a3000000| Untracked 
|  49|0x00000000a3100000, 0x00000000a3200000, 0x00000000a3200000|100%| O|  |TAMS 0x00000000a3200000| PB 0x00000000a3100000| Untracked 
|  50|0x00000000a3200000, 0x00000000a3300000, 0x00000000a3300000|100%| O|  |TAMS 0x00000000a3300000| PB 0x00000000a3200000| Untracked 
|  51|0x00000000a3300000, 0x00000000a3400000, 0x00000000a3400000|100%| O|  |TAMS 0x00000000a3400000| PB 0x00000000a3300000| Untracked 
|  52|0x00000000a3400000, 0x00000000a3500000, 0x00000000a3500000|100%| O|  |TAMS 0x00000000a3500000| PB 0x00000000a3400000| Untracked 
|  53|0x00000000a3500000, 0x00000000a3600000, 0x00000000a3600000|100%| O|  |TAMS 0x00000000a3600000| PB 0x00000000a3500000| Untracked 
|  54|0x00000000a3600000, 0x00000000a3700000, 0x00000000a3700000|100%| O|  |TAMS 0x00000000a3700000| PB 0x00000000a3600000| Untracked 
|  55|0x00000000a3700000, 0x00000000a3800000, 0x00000000a3800000|100%| O|  |TAMS 0x00000000a3800000| PB 0x00000000a3700000| Untracked 
|  56|0x00000000a3800000, 0x00000000a3900000, 0x00000000a3900000|100%| O|  |TAMS 0x00000000a3900000| PB 0x00000000a3800000| Untracked 
|  57|0x00000000a3900000, 0x00000000a3a00000, 0x00000000a3a00000|100%| O|  |TAMS 0x00000000a3a00000| PB 0x00000000a3900000| Untracked 
|  58|0x00000000a3a00000, 0x00000000a3b00000, 0x00000000a3b00000|100%| O|  |TAMS 0x00000000a3b00000| PB 0x00000000a3a00000| Untracked 
|  59|0x00000000a3b00000, 0x00000000a3c00000, 0x00000000a3c00000|100%| O|  |TAMS 0x00000000a3c00000| PB 0x00000000a3b00000| Untracked 
|  60|0x00000000a3c00000, 0x00000000a3d00000, 0x00000000a3d00000|100%| O|  |TAMS 0x00000000a3d00000| PB 0x00000000a3c00000| Untracked 
|  61|0x00000000a3d00000, 0x00000000a3e00000, 0x00000000a3e00000|100%| O|  |TAMS 0x00000000a3e00000| PB 0x00000000a3d00000| Untracked 
|  62|0x00000000a3e00000, 0x00000000a3f00000, 0x00000000a3f00000|100%| O|  |TAMS 0x00000000a3f00000| PB 0x00000000a3e00000| Untracked 
|  63|0x00000000a3f00000, 0x00000000a4000000, 0x00000000a4000000|100%| O|  |TAMS 0x00000000a4000000| PB 0x00000000a3f00000| Untracked 
|  64|0x00000000a4000000, 0x00000000a4100000, 0x00000000a4100000|100%| O|  |TAMS 0x00000000a4100000| PB 0x00000000a4000000| Untracked 
|  65|0x00000000a4100000, 0x00000000a4200000, 0x00000000a4200000|100%| O|  |TAMS 0x00000000a4200000| PB 0x00000000a4100000| Untracked 
|  66|0x00000000a4200000, 0x00000000a4300000, 0x00000000a4300000|100%| O|  |TAMS 0x00000000a4300000| PB 0x00000000a4200000| Untracked 
|  67|0x00000000a4300000, 0x00000000a4400000, 0x00000000a4400000|100%| O|  |TAMS 0x00000000a4400000| PB 0x00000000a4300000| Untracked 
|  68|0x00000000a4400000, 0x00000000a4500000, 0x00000000a4500000|100%| O|  |TAMS 0x00000000a4500000| PB 0x00000000a4400000| Untracked 
|  69|0x00000000a4500000, 0x00000000a4600000, 0x00000000a4600000|100%|HS|  |TAMS 0x00000000a4600000| PB 0x00000000a4500000| Complete 
|  70|0x00000000a4600000, 0x00000000a4700000, 0x00000000a4700000|100%| O|  |TAMS 0x00000000a4700000| PB 0x00000000a4600000| Untracked 
|  71|0x00000000a4700000, 0x00000000a4800000, 0x00000000a4800000|100%| O|  |TAMS 0x00000000a4800000| PB 0x00000000a4700000| Untracked 
|  72|0x00000000a4800000, 0x00000000a4900000, 0x00000000a4900000|100%| O|  |TAMS 0x00000000a4900000| PB 0x00000000a4800000| Untracked 
|  73|0x00000000a4900000, 0x00000000a4a00000, 0x00000000a4a00000|100%| O|  |TAMS 0x00000000a4a00000| PB 0x00000000a4900000| Untracked 
|  74|0x00000000a4a00000, 0x00000000a4b00000, 0x00000000a4b00000|100%| O|  |TAMS 0x00000000a4b00000| PB 0x00000000a4a00000| Untracked 
|  75|0x00000000a4b00000, 0x00000000a4c00000, 0x00000000a4c00000|100%| O|  |TAMS 0x00000000a4c00000| PB 0x00000000a4b00000| Untracked 
|  76|0x00000000a4c00000, 0x00000000a4d00000, 0x00000000a4d00000|100%| O|  |TAMS 0x00000000a4c00000| PB 0x00000000a4c00000| Untracked 
|  77|0x00000000a4d00000, 0x00000000a4e00000, 0x00000000a4e00000|100%| O|  |TAMS 0x00000000a4d00000| PB 0x00000000a4d00000| Untracked 
|  78|0x00000000a4e00000, 0x00000000a4f00000, 0x00000000a4f00000|100%| O|  |TAMS 0x00000000a4f00000| PB 0x00000000a4e00000| Untracked 
|  79|0x00000000a4f00000, 0x00000000a5000000, 0x00000000a5000000|100%| O|  |TAMS 0x00000000a5000000| PB 0x00000000a4f00000| Untracked 
|  80|0x00000000a5000000, 0x00000000a5100000, 0x00000000a5100000|100%| O|  |TAMS 0x00000000a5100000| PB 0x00000000a5000000| Untracked 
|  81|0x00000000a5100000, 0x00000000a5200000, 0x00000000a5200000|100%| O|  |TAMS 0x00000000a5200000| PB 0x00000000a5100000| Untracked 
|  82|0x00000000a5200000, 0x00000000a5300000, 0x00000000a5300000|100%| O|  |TAMS 0x00000000a5300000| PB 0x00000000a5200000| Untracked 
|  83|0x00000000a5300000, 0x00000000a5400000, 0x00000000a5400000|100%| O|  |TAMS 0x00000000a5400000| PB 0x00000000a5300000| Untracked 
|  84|0x00000000a5400000, 0x00000000a5500000, 0x00000000a5500000|100%| O|  |TAMS 0x00000000a5500000| PB 0x00000000a5400000| Untracked 
|  85|0x00000000a5500000, 0x00000000a5600000, 0x00000000a5600000|100%| O|  |TAMS 0x00000000a5600000| PB 0x00000000a5500000| Untracked 
|  86|0x00000000a5600000, 0x00000000a5700000, 0x00000000a5700000|100%| O|  |TAMS 0x00000000a5700000| PB 0x00000000a5600000| Untracked 
|  87|0x00000000a5700000, 0x00000000a5800000, 0x00000000a5800000|100%| O|  |TAMS 0x00000000a5800000| PB 0x00000000a5700000| Untracked 
|  88|0x00000000a5800000, 0x00000000a5900000, 0x00000000a5900000|100%| O|  |TAMS 0x00000000a5900000| PB 0x00000000a5800000| Untracked 
|  89|0x00000000a5900000, 0x00000000a5a00000, 0x00000000a5a00000|100%| O|  |TAMS 0x00000000a5a00000| PB 0x00000000a5900000| Untracked 
|  90|0x00000000a5a00000, 0x00000000a5b00000, 0x00000000a5b00000|100%| O|  |TAMS 0x00000000a5b00000| PB 0x00000000a5a00000| Untracked 
|  91|0x00000000a5b00000, 0x00000000a5c00000, 0x00000000a5c00000|100%| O|  |TAMS 0x00000000a5c00000| PB 0x00000000a5b00000| Untracked 
|  92|0x00000000a5c00000, 0x00000000a5d00000, 0x00000000a5d00000|100%| O|  |TAMS 0x00000000a5d00000| PB 0x00000000a5c00000| Untracked 
|  93|0x00000000a5d00000, 0x00000000a5e00000, 0x00000000a5e00000|100%| O|  |TAMS 0x00000000a5e00000| PB 0x00000000a5d00000| Untracked 
|  94|0x00000000a5e00000, 0x00000000a5f00000, 0x00000000a5f00000|100%| O|  |TAMS 0x00000000a5f00000| PB 0x00000000a5e00000| Untracked 
|  95|0x00000000a5f00000, 0x00000000a6000000, 0x00000000a6000000|100%| O|  |TAMS 0x00000000a6000000| PB 0x00000000a5f00000| Untracked 
|  96|0x00000000a6000000, 0x00000000a6100000, 0x00000000a6100000|100%| O|  |TAMS 0x00000000a6100000| PB 0x00000000a6000000| Untracked 
|  97|0x00000000a6100000, 0x00000000a6200000, 0x00000000a6200000|100%| O|  |TAMS 0x00000000a6200000| PB 0x00000000a6100000| Untracked 
|  98|0x00000000a6200000, 0x00000000a6300000, 0x00000000a6300000|100%| O|  |TAMS 0x00000000a6300000| PB 0x00000000a6200000| Untracked 
|  99|0x00000000a6300000, 0x00000000a6400000, 0x00000000a6400000|100%|HS|  |TAMS 0x00000000a6400000| PB 0x00000000a6300000| Complete 
| 100|0x00000000a6400000, 0x00000000a6500000, 0x00000000a6500000|100%| O|  |TAMS 0x00000000a6500000| PB 0x00000000a6400000| Untracked 
| 101|0x00000000a6500000, 0x00000000a6600000, 0x00000000a6600000|100%|HS|  |TAMS 0x00000000a6600000| PB 0x00000000a6500000| Complete 
| 102|0x00000000a6600000, 0x00000000a6700000, 0x00000000a6700000|100%| O|  |TAMS 0x00000000a6700000| PB 0x00000000a6600000| Untracked 
| 103|0x00000000a6700000, 0x00000000a6800000, 0x00000000a6800000|100%|HS|  |TAMS 0x00000000a6800000| PB 0x00000000a6700000| Complete 
| 104|0x00000000a6800000, 0x00000000a6900000, 0x00000000a6900000|100%|HS|  |TAMS 0x00000000a6900000| PB 0x00000000a6800000| Complete 
| 105|0x00000000a6900000, 0x00000000a6a00000, 0x00000000a6a00000|100%| O|  |TAMS 0x00000000a6a00000| PB 0x00000000a6900000| Untracked 
| 106|0x00000000a6a00000, 0x00000000a6b00000, 0x00000000a6b00000|100%| O|  |TAMS 0x00000000a6b00000| PB 0x00000000a6a00000| Untracked 
| 107|0x00000000a6b00000, 0x00000000a6c00000, 0x00000000a6c00000|100%| O|  |TAMS 0x00000000a6c00000| PB 0x00000000a6b00000| Untracked 
| 108|0x00000000a6c00000, 0x00000000a6d00000, 0x00000000a6d00000|100%| O|  |TAMS 0x00000000a6d00000| PB 0x00000000a6c00000| Untracked 
| 109|0x00000000a6d00000, 0x00000000a6e00000, 0x00000000a6e00000|100%| O|  |TAMS 0x00000000a6e00000| PB 0x00000000a6d00000| Untracked 
| 110|0x00000000a6e00000, 0x00000000a6f00000, 0x00000000a6f00000|100%| O|  |TAMS 0x00000000a6f00000| PB 0x00000000a6e00000| Untracked 
| 111|0x00000000a6f00000, 0x00000000a7000000, 0x00000000a7000000|100%| O|  |TAMS 0x00000000a7000000| PB 0x00000000a6f00000| Untracked 
| 112|0x00000000a7000000, 0x00000000a7100000, 0x00000000a7100000|100%| O|  |TAMS 0x00000000a7100000| PB 0x00000000a7000000| Untracked 
| 113|0x00000000a7100000, 0x00000000a7200000, 0x00000000a7200000|100%|HS|  |TAMS 0x00000000a7200000| PB 0x00000000a7100000| Complete 
| 114|0x00000000a7200000, 0x00000000a7300000, 0x00000000a7300000|100%| O|  |TAMS 0x00000000a7300000| PB 0x00000000a7200000| Untracked 
| 115|0x00000000a7300000, 0x00000000a7400000, 0x00000000a7400000|100%| O|  |TAMS 0x00000000a7400000| PB 0x00000000a7300000| Untracked 
| 116|0x00000000a7400000, 0x00000000a7500000, 0x00000000a7500000|100%| O|  |TAMS 0x00000000a7500000| PB 0x00000000a7400000| Untracked 
| 117|0x00000000a7500000, 0x00000000a7600000, 0x00000000a7600000|100%| O|  |TAMS 0x00000000a7600000| PB 0x00000000a7500000| Untracked 
| 118|0x00000000a7600000, 0x00000000a7700000, 0x00000000a7700000|100%| O|  |TAMS 0x00000000a7700000| PB 0x00000000a7600000| Untracked 
| 119|0x00000000a7700000, 0x00000000a7800000, 0x00000000a7800000|100%| O|  |TAMS 0x00000000a7800000| PB 0x00000000a7700000| Untracked 
| 120|0x00000000a7800000, 0x00000000a7900000, 0x00000000a7900000|100%| O|  |TAMS 0x00000000a7900000| PB 0x00000000a7800000| Untracked 
| 121|0x00000000a7900000, 0x00000000a7a00000, 0x00000000a7a00000|100%| O|  |TAMS 0x00000000a7a00000| PB 0x00000000a7900000| Untracked 
| 122|0x00000000a7a00000, 0x00000000a7b00000, 0x00000000a7b00000|100%|HS|  |TAMS 0x00000000a7b00000| PB 0x00000000a7a00000| Complete 
| 123|0x00000000a7b00000, 0x00000000a7c00000, 0x00000000a7c00000|100%| O|  |TAMS 0x00000000a7c00000| PB 0x00000000a7b00000| Untracked 
| 124|0x00000000a7c00000, 0x00000000a7d00000, 0x00000000a7d00000|100%| O|  |TAMS 0x00000000a7d00000| PB 0x00000000a7c00000| Untracked 
| 125|0x00000000a7d00000, 0x00000000a7e00000, 0x00000000a7e00000|100%| O|  |TAMS 0x00000000a7e00000| PB 0x00000000a7d00000| Untracked 
| 126|0x00000000a7e00000, 0x00000000a7f00000, 0x00000000a7f00000|100%| O|  |TAMS 0x00000000a7f00000| PB 0x00000000a7e00000| Untracked 
| 127|0x00000000a7f00000, 0x00000000a8000000, 0x00000000a8000000|100%| O|  |TAMS 0x00000000a8000000| PB 0x00000000a7f00000| Untracked 
| 128|0x00000000a8000000, 0x00000000a8100000, 0x00000000a8100000|100%| O|  |TAMS 0x00000000a8100000| PB 0x00000000a8000000| Untracked 
| 129|0x00000000a8100000, 0x00000000a8200000, 0x00000000a8200000|100%| O|  |TAMS 0x00000000a8200000| PB 0x00000000a8100000| Untracked 
| 130|0x00000000a8200000, 0x00000000a8300000, 0x00000000a8300000|100%| O|  |TAMS 0x00000000a8300000| PB 0x00000000a8200000| Untracked 
| 131|0x00000000a8300000, 0x00000000a8400000, 0x00000000a8400000|100%| O|  |TAMS 0x00000000a8400000| PB 0x00000000a8300000| Untracked 
| 132|0x00000000a8400000, 0x00000000a8500000, 0x00000000a8500000|100%| O|  |TAMS 0x00000000a8500000| PB 0x00000000a8400000| Untracked 
| 133|0x00000000a8500000, 0x00000000a8600000, 0x00000000a8600000|100%| O|  |TAMS 0x00000000a8600000| PB 0x00000000a8500000| Untracked 
| 134|0x00000000a8600000, 0x00000000a8700000, 0x00000000a8700000|100%| O|  |TAMS 0x00000000a8700000| PB 0x00000000a8600000| Untracked 
| 135|0x00000000a8700000, 0x00000000a8800000, 0x00000000a8800000|100%| O|  |TAMS 0x00000000a8800000| PB 0x00000000a8700000| Untracked 
| 136|0x00000000a8800000, 0x00000000a8900000, 0x00000000a8900000|100%| O|  |TAMS 0x00000000a8900000| PB 0x00000000a8800000| Untracked 
| 137|0x00000000a8900000, 0x00000000a8a00000, 0x00000000a8a00000|100%| O|  |TAMS 0x00000000a8a00000| PB 0x00000000a8900000| Untracked 
| 138|0x00000000a8a00000, 0x00000000a8b00000, 0x00000000a8b00000|100%| O|  |TAMS 0x00000000a8b00000| PB 0x00000000a8a00000| Untracked 
| 139|0x00000000a8b00000, 0x00000000a8c00000, 0x00000000a8c00000|100%| O|  |TAMS 0x00000000a8c00000| PB 0x00000000a8b00000| Untracked 
| 140|0x00000000a8c00000, 0x00000000a8d00000, 0x00000000a8d00000|100%| O|  |TAMS 0x00000000a8d00000| PB 0x00000000a8c00000| Untracked 
| 141|0x00000000a8d00000, 0x00000000a8e00000, 0x00000000a8e00000|100%| O|  |TAMS 0x00000000a8e00000| PB 0x00000000a8d00000| Untracked 
| 142|0x00000000a8e00000, 0x00000000a8f00000, 0x00000000a8f00000|100%| O|  |TAMS 0x00000000a8f00000| PB 0x00000000a8e00000| Untracked 
| 143|0x00000000a8f00000, 0x00000000a9000000, 0x00000000a9000000|100%| O|  |TAMS 0x00000000a9000000| PB 0x00000000a8f00000| Untracked 
| 144|0x00000000a9000000, 0x00000000a9100000, 0x00000000a9100000|100%| O|  |TAMS 0x00000000a9100000| PB 0x00000000a9000000| Untracked 
| 145|0x00000000a9100000, 0x00000000a9200000, 0x00000000a9200000|100%| O|  |TAMS 0x00000000a9200000| PB 0x00000000a9100000| Untracked 
| 146|0x00000000a9200000, 0x00000000a9300000, 0x00000000a9300000|100%| O|  |TAMS 0x00000000a9300000| PB 0x00000000a9200000| Untracked 
| 147|0x00000000a9300000, 0x00000000a9400000, 0x00000000a9400000|100%| O|  |TAMS 0x00000000a9400000| PB 0x00000000a9300000| Untracked 
| 148|0x00000000a9400000, 0x00000000a9500000, 0x00000000a9500000|100%| O|  |TAMS 0x00000000a9500000| PB 0x00000000a9400000| Untracked 
| 149|0x00000000a9500000, 0x00000000a9600000, 0x00000000a9600000|100%| O|  |TAMS 0x00000000a9600000| PB 0x00000000a9500000| Untracked 
| 150|0x00000000a9600000, 0x00000000a9700000, 0x00000000a9700000|100%| O|  |TAMS 0x00000000a9700000| PB 0x00000000a9600000| Untracked 
| 151|0x00000000a9700000, 0x00000000a9800000, 0x00000000a9800000|100%| O|  |TAMS 0x00000000a9700000| PB 0x00000000a9700000| Untracked 
| 152|0x00000000a9800000, 0x00000000a9900000, 0x00000000a9900000|100%| O|  |TAMS 0x00000000a9800000| PB 0x00000000a9800000| Untracked 
| 153|0x00000000a9900000, 0x00000000a99e7830, 0x00000000a9a00000| 90%| O|  |TAMS 0x00000000a9900000| PB 0x00000000a9900000| Untracked 
| 154|0x00000000a9a00000, 0x00000000a9b00000, 0x00000000a9b00000|100%|HS|  |TAMS 0x00000000a9a00000| PB 0x00000000a9a00000| Complete 
| 155|0x00000000a9b00000, 0x00000000a9b00000, 0x00000000a9c00000|  0%| F|  |TAMS 0x00000000a9b00000| PB 0x00000000a9b00000| Untracked 
| 156|0x00000000a9c00000, 0x00000000a9c00000, 0x00000000a9d00000|  0%| F|  |TAMS 0x00000000a9c00000| PB 0x00000000a9c00000| Untracked 
| 157|0x00000000a9d00000, 0x00000000a9d00000, 0x00000000a9e00000|  0%| F|  |TAMS 0x00000000a9d00000| PB 0x00000000a9d00000| Untracked 
| 158|0x00000000a9e00000, 0x00000000a9e00000, 0x00000000a9f00000|  0%| F|  |TAMS 0x00000000a9e00000| PB 0x00000000a9e00000| Untracked 
| 159|0x00000000a9f00000, 0x00000000a9f00000, 0x00000000aa000000|  0%| F|  |TAMS 0x00000000a9f00000| PB 0x00000000a9f00000| Untracked 
| 160|0x00000000aa000000, 0x00000000aa000000, 0x00000000aa100000|  0%| F|  |TAMS 0x00000000aa000000| PB 0x00000000aa000000| Untracked 
| 161|0x00000000aa100000, 0x00000000aa100000, 0x00000000aa200000|  0%| F|  |TAMS 0x00000000aa100000| PB 0x00000000aa100000| Untracked 
| 162|0x00000000aa200000, 0x00000000aa200000, 0x00000000aa300000|  0%| F|  |TAMS 0x00000000aa200000| PB 0x00000000aa200000| Untracked 
| 163|0x00000000aa300000, 0x00000000aa300000, 0x00000000aa400000|  0%| F|  |TAMS 0x00000000aa300000| PB 0x00000000aa300000| Untracked 
| 164|0x00000000aa400000, 0x00000000aa400000, 0x00000000aa500000|  0%| F|  |TAMS 0x00000000aa400000| PB 0x00000000aa400000| Untracked 
| 165|0x00000000aa500000, 0x00000000aa500000, 0x00000000aa600000|  0%| F|  |TAMS 0x00000000aa500000| PB 0x00000000aa500000| Untracked 
| 166|0x00000000aa600000, 0x00000000aa600000, 0x00000000aa700000|  0%| F|  |TAMS 0x00000000aa600000| PB 0x00000000aa600000| Untracked 
| 167|0x00000000aa700000, 0x00000000aa700000, 0x00000000aa800000|  0%| F|  |TAMS 0x00000000aa700000| PB 0x00000000aa700000| Untracked 
| 168|0x00000000aa800000, 0x00000000aa800000, 0x00000000aa900000|  0%| F|  |TAMS 0x00000000aa800000| PB 0x00000000aa800000| Untracked 
| 169|0x00000000aa900000, 0x00000000aa900000, 0x00000000aaa00000|  0%| F|  |TAMS 0x00000000aa900000| PB 0x00000000aa900000| Untracked 
| 170|0x00000000aaa00000, 0x00000000aaa00000, 0x00000000aab00000|  0%| F|  |TAMS 0x00000000aaa00000| PB 0x00000000aaa00000| Untracked 
| 171|0x00000000aab00000, 0x00000000aab00000, 0x00000000aac00000|  0%| F|  |TAMS 0x00000000aab00000| PB 0x00000000aab00000| Untracked 
| 172|0x00000000aac00000, 0x00000000aac00000, 0x00000000aad00000|  0%| F|  |TAMS 0x00000000aac00000| PB 0x00000000aac00000| Untracked 
| 173|0x00000000aad00000, 0x00000000aad00000, 0x00000000aae00000|  0%| F|  |TAMS 0x00000000aad00000| PB 0x00000000aad00000| Untracked 
| 174|0x00000000aae00000, 0x00000000aae00000, 0x00000000aaf00000|  0%| F|  |TAMS 0x00000000aae00000| PB 0x00000000aae00000| Untracked 
| 175|0x00000000aaf00000, 0x00000000aaf00000, 0x00000000ab000000|  0%| F|  |TAMS 0x00000000aaf00000| PB 0x00000000aaf00000| Untracked 
| 176|0x00000000ab000000, 0x00000000ab000000, 0x00000000ab100000|  0%| F|  |TAMS 0x00000000ab000000| PB 0x00000000ab000000| Untracked 
| 177|0x00000000ab100000, 0x00000000ab100000, 0x00000000ab200000|  0%| F|  |TAMS 0x00000000ab100000| PB 0x00000000ab100000| Untracked 
| 178|0x00000000ab200000, 0x00000000ab200000, 0x00000000ab300000|  0%| F|  |TAMS 0x00000000ab200000| PB 0x00000000ab200000| Untracked 
| 179|0x00000000ab300000, 0x00000000ab300000, 0x00000000ab400000|  0%| F|  |TAMS 0x00000000ab300000| PB 0x00000000ab300000| Untracked 
| 180|0x00000000ab400000, 0x00000000ab400000, 0x00000000ab500000|  0%| F|  |TAMS 0x00000000ab400000| PB 0x00000000ab400000| Untracked 
| 181|0x00000000ab500000, 0x00000000ab500000, 0x00000000ab600000|  0%| F|  |TAMS 0x00000000ab500000| PB 0x00000000ab500000| Untracked 
| 182|0x00000000ab600000, 0x00000000ab600000, 0x00000000ab700000|  0%| F|  |TAMS 0x00000000ab600000| PB 0x00000000ab600000| Untracked 
| 183|0x00000000ab700000, 0x00000000ab700000, 0x00000000ab800000|  0%| F|  |TAMS 0x00000000ab700000| PB 0x00000000ab700000| Untracked 
| 184|0x00000000ab800000, 0x00000000ab800000, 0x00000000ab900000|  0%| F|  |TAMS 0x00000000ab800000| PB 0x00000000ab800000| Untracked 
| 185|0x00000000ab900000, 0x00000000ab900000, 0x00000000aba00000|  0%| F|  |TAMS 0x00000000ab900000| PB 0x00000000ab900000| Untracked 
| 186|0x00000000aba00000, 0x00000000aba00000, 0x00000000abb00000|  0%| F|  |TAMS 0x00000000aba00000| PB 0x00000000aba00000| Untracked 
| 187|0x00000000abb00000, 0x00000000abb00000, 0x00000000abc00000|  0%| F|  |TAMS 0x00000000abb00000| PB 0x00000000abb00000| Untracked 
| 188|0x00000000abc00000, 0x00000000abc00000, 0x00000000abd00000|  0%| F|  |TAMS 0x00000000abc00000| PB 0x00000000abc00000| Untracked 
| 189|0x00000000abd00000, 0x00000000abd00000, 0x00000000abe00000|  0%| F|  |TAMS 0x00000000abd00000| PB 0x00000000abd00000| Untracked 
| 190|0x00000000abe00000, 0x00000000abe00000, 0x00000000abf00000|  0%| F|  |TAMS 0x00000000abe00000| PB 0x00000000abe00000| Untracked 
| 191|0x00000000abf00000, 0x00000000abf00000, 0x00000000ac000000|  0%| F|  |TAMS 0x00000000abf00000| PB 0x00000000abf00000| Untracked 
| 192|0x00000000ac000000, 0x00000000ac000000, 0x00000000ac100000|  0%| F|  |TAMS 0x00000000ac000000| PB 0x00000000ac000000| Untracked 
| 193|0x00000000ac100000, 0x00000000ac100000, 0x00000000ac200000|  0%| F|  |TAMS 0x00000000ac100000| PB 0x00000000ac100000| Untracked 
| 194|0x00000000ac200000, 0x00000000ac200000, 0x00000000ac300000|  0%| F|  |TAMS 0x00000000ac200000| PB 0x00000000ac200000| Untracked 
| 195|0x00000000ac300000, 0x00000000ac300000, 0x00000000ac400000|  0%| F|  |TAMS 0x00000000ac300000| PB 0x00000000ac300000| Untracked 
| 196|0x00000000ac400000, 0x00000000ac400000, 0x00000000ac500000|  0%| F|  |TAMS 0x00000000ac400000| PB 0x00000000ac400000| Untracked 
| 197|0x00000000ac500000, 0x00000000ac500000, 0x00000000ac600000|  0%| F|  |TAMS 0x00000000ac500000| PB 0x00000000ac500000| Untracked 
| 198|0x00000000ac600000, 0x00000000ac600000, 0x00000000ac700000|  0%| F|  |TAMS 0x00000000ac600000| PB 0x00000000ac600000| Untracked 
| 199|0x00000000ac700000, 0x00000000ac700000, 0x00000000ac800000|  0%| F|  |TAMS 0x00000000ac700000| PB 0x00000000ac700000| Untracked 
| 200|0x00000000ac800000, 0x00000000ac800000, 0x00000000ac900000|  0%| F|  |TAMS 0x00000000ac800000| PB 0x00000000ac800000| Untracked 
| 201|0x00000000ac900000, 0x00000000ac900000, 0x00000000aca00000|  0%| F|  |TAMS 0x00000000ac900000| PB 0x00000000ac900000| Untracked 
| 202|0x00000000aca00000, 0x00000000aca00000, 0x00000000acb00000|  0%| F|  |TAMS 0x00000000aca00000| PB 0x00000000aca00000| Untracked 
| 203|0x00000000acb00000, 0x00000000acb00000, 0x00000000acc00000|  0%| F|  |TAMS 0x00000000acb00000| PB 0x00000000acb00000| Untracked 
| 204|0x00000000acc00000, 0x00000000acc00000, 0x00000000acd00000|  0%| F|  |TAMS 0x00000000acc00000| PB 0x00000000acc00000| Untracked 
| 205|0x00000000acd00000, 0x00000000acd00000, 0x00000000ace00000|  0%| F|  |TAMS 0x00000000acd00000| PB 0x00000000acd00000| Untracked 
| 206|0x00000000ace00000, 0x00000000ace00000, 0x00000000acf00000|  0%| F|  |TAMS 0x00000000ace00000| PB 0x00000000ace00000| Untracked 
| 207|0x00000000acf00000, 0x00000000acf00000, 0x00000000ad000000|  0%| F|  |TAMS 0x00000000acf00000| PB 0x00000000acf00000| Untracked 
| 208|0x00000000ad000000, 0x00000000ad000000, 0x00000000ad100000|  0%| F|  |TAMS 0x00000000ad000000| PB 0x00000000ad000000| Untracked 
| 209|0x00000000ad100000, 0x00000000ad100000, 0x00000000ad200000|  0%| F|  |TAMS 0x00000000ad100000| PB 0x00000000ad100000| Untracked 
| 210|0x00000000ad200000, 0x00000000ad200000, 0x00000000ad300000|  0%| F|  |TAMS 0x00000000ad200000| PB 0x00000000ad200000| Untracked 
| 211|0x00000000ad300000, 0x00000000ad300000, 0x00000000ad400000|  0%| F|  |TAMS 0x00000000ad300000| PB 0x00000000ad300000| Untracked 
| 212|0x00000000ad400000, 0x00000000ad400000, 0x00000000ad500000|  0%| F|  |TAMS 0x00000000ad400000| PB 0x00000000ad400000| Untracked 
| 213|0x00000000ad500000, 0x00000000ad500000, 0x00000000ad600000|  0%| F|  |TAMS 0x00000000ad500000| PB 0x00000000ad500000| Untracked 
| 214|0x00000000ad600000, 0x00000000ad600000, 0x00000000ad700000|  0%| F|  |TAMS 0x00000000ad600000| PB 0x00000000ad600000| Untracked 
| 215|0x00000000ad700000, 0x00000000ad700000, 0x00000000ad800000|  0%| F|  |TAMS 0x00000000ad700000| PB 0x00000000ad700000| Untracked 
| 216|0x00000000ad800000, 0x00000000ad800000, 0x00000000ad900000|  0%| F|  |TAMS 0x00000000ad800000| PB 0x00000000ad800000| Untracked 
| 217|0x00000000ad900000, 0x00000000ad900000, 0x00000000ada00000|  0%| F|  |TAMS 0x00000000ad900000| PB 0x00000000ad900000| Untracked 
| 218|0x00000000ada00000, 0x00000000ada00000, 0x00000000adb00000|  0%| F|  |TAMS 0x00000000ada00000| PB 0x00000000ada00000| Untracked 
| 219|0x00000000adb00000, 0x00000000adb00000, 0x00000000adc00000|  0%| F|  |TAMS 0x00000000adb00000| PB 0x00000000adb00000| Untracked 
| 220|0x00000000adc00000, 0x00000000adc00000, 0x00000000add00000|  0%| F|  |TAMS 0x00000000adc00000| PB 0x00000000adc00000| Untracked 
| 221|0x00000000add00000, 0x00000000add00000, 0x00000000ade00000|  0%| F|  |TAMS 0x00000000add00000| PB 0x00000000add00000| Untracked 
| 222|0x00000000ade00000, 0x00000000ade00000, 0x00000000adf00000|  0%| F|  |TAMS 0x00000000ade00000| PB 0x00000000ade00000| Untracked 
| 223|0x00000000adf00000, 0x00000000adf00000, 0x00000000ae000000|  0%| F|  |TAMS 0x00000000adf00000| PB 0x00000000adf00000| Untracked 
| 224|0x00000000ae000000, 0x00000000ae000000, 0x00000000ae100000|  0%| F|  |TAMS 0x00000000ae000000| PB 0x00000000ae000000| Untracked 
| 225|0x00000000ae100000, 0x00000000ae100000, 0x00000000ae200000|  0%| F|  |TAMS 0x00000000ae100000| PB 0x00000000ae100000| Untracked 
| 226|0x00000000ae200000, 0x00000000ae200000, 0x00000000ae300000|  0%| F|  |TAMS 0x00000000ae200000| PB 0x00000000ae200000| Untracked 
| 227|0x00000000ae300000, 0x00000000ae300000, 0x00000000ae400000|  0%| F|  |TAMS 0x00000000ae300000| PB 0x00000000ae300000| Untracked 
| 228|0x00000000ae400000, 0x00000000ae400000, 0x00000000ae500000|  0%| F|  |TAMS 0x00000000ae400000| PB 0x00000000ae400000| Untracked 
| 229|0x00000000ae500000, 0x00000000ae500000, 0x00000000ae600000|  0%| F|  |TAMS 0x00000000ae500000| PB 0x00000000ae500000| Untracked 
| 230|0x00000000ae600000, 0x00000000ae600000, 0x00000000ae700000|  0%| F|  |TAMS 0x00000000ae600000| PB 0x00000000ae600000| Untracked 
| 231|0x00000000ae700000, 0x00000000ae700000, 0x00000000ae800000|  0%| F|  |TAMS 0x00000000ae700000| PB 0x00000000ae700000| Untracked 
| 232|0x00000000ae800000, 0x00000000ae800000, 0x00000000ae900000|  0%| F|  |TAMS 0x00000000ae800000| PB 0x00000000ae800000| Untracked 
| 233|0x00000000ae900000, 0x00000000ae900000, 0x00000000aea00000|  0%| F|  |TAMS 0x00000000ae900000| PB 0x00000000ae900000| Untracked 
| 234|0x00000000aea00000, 0x00000000aea00000, 0x00000000aeb00000|  0%| F|  |TAMS 0x00000000aea00000| PB 0x00000000aea00000| Untracked 
| 235|0x00000000aeb00000, 0x00000000aeb00000, 0x00000000aec00000|  0%| F|  |TAMS 0x00000000aeb00000| PB 0x00000000aeb00000| Untracked 
| 236|0x00000000aec00000, 0x00000000aec00000, 0x00000000aed00000|  0%| F|  |TAMS 0x00000000aec00000| PB 0x00000000aec00000| Untracked 
| 237|0x00000000aed00000, 0x00000000aed00000, 0x00000000aee00000|  0%| F|  |TAMS 0x00000000aed00000| PB 0x00000000aed00000| Untracked 
| 238|0x00000000aee00000, 0x00000000aee00000, 0x00000000aef00000|  0%| F|  |TAMS 0x00000000aee00000| PB 0x00000000aee00000| Untracked 
| 239|0x00000000aef00000, 0x00000000aef00000, 0x00000000af000000|  0%| F|  |TAMS 0x00000000aef00000| PB 0x00000000aef00000| Untracked 
| 240|0x00000000af000000, 0x00000000af000000, 0x00000000af100000|  0%| F|  |TAMS 0x00000000af000000| PB 0x00000000af000000| Untracked 
| 241|0x00000000af100000, 0x00000000af100000, 0x00000000af200000|  0%| F|  |TAMS 0x00000000af100000| PB 0x00000000af100000| Untracked 
| 242|0x00000000af200000, 0x00000000af200000, 0x00000000af300000|  0%| F|  |TAMS 0x00000000af200000| PB 0x00000000af200000| Untracked 
| 243|0x00000000af300000, 0x00000000af300000, 0x00000000af400000|  0%| F|  |TAMS 0x00000000af300000| PB 0x00000000af300000| Untracked 
| 244|0x00000000af400000, 0x00000000af400000, 0x00000000af500000|  0%| F|  |TAMS 0x00000000af400000| PB 0x00000000af400000| Untracked 
| 245|0x00000000af500000, 0x00000000af500000, 0x00000000af600000|  0%| F|  |TAMS 0x00000000af500000| PB 0x00000000af500000| Untracked 
| 246|0x00000000af600000, 0x00000000af600000, 0x00000000af700000|  0%| F|  |TAMS 0x00000000af600000| PB 0x00000000af600000| Untracked 
| 247|0x00000000af700000, 0x00000000af700000, 0x00000000af800000|  0%| F|  |TAMS 0x00000000af700000| PB 0x00000000af700000| Untracked 
| 248|0x00000000af800000, 0x00000000af800000, 0x00000000af900000|  0%| F|  |TAMS 0x00000000af800000| PB 0x00000000af800000| Untracked 
| 249|0x00000000af900000, 0x00000000af900000, 0x00000000afa00000|  0%| F|  |TAMS 0x00000000af900000| PB 0x00000000af900000| Untracked 
| 250|0x00000000afa00000, 0x00000000afa00000, 0x00000000afb00000|  0%| F|  |TAMS 0x00000000afa00000| PB 0x00000000afa00000| Untracked 
| 251|0x00000000afb00000, 0x00000000afb00000, 0x00000000afc00000|  0%| F|  |TAMS 0x00000000afb00000| PB 0x00000000afb00000| Untracked 
| 252|0x00000000afc00000, 0x00000000afc00000, 0x00000000afd00000|  0%| F|  |TAMS 0x00000000afc00000| PB 0x00000000afc00000| Untracked 
| 253|0x00000000afd00000, 0x00000000afd00000, 0x00000000afe00000|  0%| F|  |TAMS 0x00000000afd00000| PB 0x00000000afd00000| Untracked 
| 254|0x00000000afe00000, 0x00000000afe00000, 0x00000000aff00000|  0%| F|  |TAMS 0x00000000afe00000| PB 0x00000000afe00000| Untracked 
| 255|0x00000000aff00000, 0x00000000aff00000, 0x00000000b0000000|  0%| F|  |TAMS 0x00000000aff00000| PB 0x00000000aff00000| Untracked 
| 256|0x00000000b0000000, 0x00000000b0000000, 0x00000000b0100000|  0%| F|  |TAMS 0x00000000b0000000| PB 0x00000000b0000000| Untracked 
| 257|0x00000000b0100000, 0x00000000b0100000, 0x00000000b0200000|  0%| F|  |TAMS 0x00000000b0100000| PB 0x00000000b0100000| Untracked 
| 258|0x00000000b0200000, 0x00000000b0200000, 0x00000000b0300000|  0%| F|  |TAMS 0x00000000b0200000| PB 0x00000000b0200000| Untracked 
| 259|0x00000000b0300000, 0x00000000b0300000, 0x00000000b0400000|  0%| F|  |TAMS 0x00000000b0300000| PB 0x00000000b0300000| Untracked 
| 260|0x00000000b0400000, 0x00000000b0400000, 0x00000000b0500000|  0%| F|  |TAMS 0x00000000b0400000| PB 0x00000000b0400000| Untracked 
| 261|0x00000000b0500000, 0x00000000b0500000, 0x00000000b0600000|  0%| F|  |TAMS 0x00000000b0500000| PB 0x00000000b0500000| Untracked 
| 262|0x00000000b0600000, 0x00000000b0600000, 0x00000000b0700000|  0%| F|  |TAMS 0x00000000b0600000| PB 0x00000000b0600000| Untracked 
| 263|0x00000000b0700000, 0x00000000b0700000, 0x00000000b0800000|  0%| F|  |TAMS 0x00000000b0700000| PB 0x00000000b0700000| Untracked 
| 264|0x00000000b0800000, 0x00000000b0800000, 0x00000000b0900000|  0%| F|  |TAMS 0x00000000b0800000| PB 0x00000000b0800000| Untracked 
| 265|0x00000000b0900000, 0x00000000b0900000, 0x00000000b0a00000|  0%| F|  |TAMS 0x00000000b0900000| PB 0x00000000b0900000| Untracked 
| 266|0x00000000b0a00000, 0x00000000b0a00000, 0x00000000b0b00000|  0%| F|  |TAMS 0x00000000b0a00000| PB 0x00000000b0a00000| Untracked 
| 267|0x00000000b0b00000, 0x00000000b0b00000, 0x00000000b0c00000|  0%| F|  |TAMS 0x00000000b0b00000| PB 0x00000000b0b00000| Untracked 
| 268|0x00000000b0c00000, 0x00000000b0c00000, 0x00000000b0d00000|  0%| F|  |TAMS 0x00000000b0c00000| PB 0x00000000b0c00000| Untracked 
| 269|0x00000000b0d00000, 0x00000000b0d00000, 0x00000000b0e00000|  0%| F|  |TAMS 0x00000000b0d00000| PB 0x00000000b0d00000| Untracked 
| 270|0x00000000b0e00000, 0x00000000b0e00000, 0x00000000b0f00000|  0%| F|  |TAMS 0x00000000b0e00000| PB 0x00000000b0e00000| Untracked 
| 271|0x00000000b0f00000, 0x00000000b0f00000, 0x00000000b1000000|  0%| F|  |TAMS 0x00000000b0f00000| PB 0x00000000b0f00000| Untracked 
| 272|0x00000000b1000000, 0x00000000b1000000, 0x00000000b1100000|  0%| F|  |TAMS 0x00000000b1000000| PB 0x00000000b1000000| Untracked 
| 273|0x00000000b1100000, 0x00000000b1100000, 0x00000000b1200000|  0%| F|  |TAMS 0x00000000b1100000| PB 0x00000000b1100000| Untracked 
| 274|0x00000000b1200000, 0x00000000b1200000, 0x00000000b1300000|  0%| F|  |TAMS 0x00000000b1200000| PB 0x00000000b1200000| Untracked 
| 275|0x00000000b1300000, 0x00000000b1300000, 0x00000000b1400000|  0%| F|  |TAMS 0x00000000b1300000| PB 0x00000000b1300000| Untracked 
| 276|0x00000000b1400000, 0x00000000b1400000, 0x00000000b1500000|  0%| F|  |TAMS 0x00000000b1400000| PB 0x00000000b1400000| Untracked 
| 277|0x00000000b1500000, 0x00000000b1500000, 0x00000000b1600000|  0%| F|  |TAMS 0x00000000b1500000| PB 0x00000000b1500000| Untracked 
| 278|0x00000000b1600000, 0x00000000b1600000, 0x00000000b1700000|  0%| F|  |TAMS 0x00000000b1600000| PB 0x00000000b1600000| Untracked 
| 279|0x00000000b1700000, 0x00000000b1700000, 0x00000000b1800000|  0%| F|  |TAMS 0x00000000b1700000| PB 0x00000000b1700000| Untracked 
| 280|0x00000000b1800000, 0x00000000b1800000, 0x00000000b1900000|  0%| F|  |TAMS 0x00000000b1800000| PB 0x00000000b1800000| Untracked 
| 281|0x00000000b1900000, 0x00000000b1900000, 0x00000000b1a00000|  0%| F|  |TAMS 0x00000000b1900000| PB 0x00000000b1900000| Untracked 
| 282|0x00000000b1a00000, 0x00000000b1a00000, 0x00000000b1b00000|  0%| F|  |TAMS 0x00000000b1a00000| PB 0x00000000b1a00000| Untracked 
| 283|0x00000000b1b00000, 0x00000000b1b00000, 0x00000000b1c00000|  0%| F|  |TAMS 0x00000000b1b00000| PB 0x00000000b1b00000| Untracked 
| 284|0x00000000b1c00000, 0x00000000b1c00000, 0x00000000b1d00000|  0%| F|  |TAMS 0x00000000b1c00000| PB 0x00000000b1c00000| Untracked 
| 285|0x00000000b1d00000, 0x00000000b1d00000, 0x00000000b1e00000|  0%| F|  |TAMS 0x00000000b1d00000| PB 0x00000000b1d00000| Untracked 
| 286|0x00000000b1e00000, 0x00000000b1e00000, 0x00000000b1f00000|  0%| F|  |TAMS 0x00000000b1e00000| PB 0x00000000b1e00000| Untracked 
| 287|0x00000000b1f00000, 0x00000000b1f00000, 0x00000000b2000000|  0%| F|  |TAMS 0x00000000b1f00000| PB 0x00000000b1f00000| Untracked 
| 288|0x00000000b2000000, 0x00000000b2000000, 0x00000000b2100000|  0%| F|  |TAMS 0x00000000b2000000| PB 0x00000000b2000000| Untracked 
| 289|0x00000000b2100000, 0x00000000b2100000, 0x00000000b2200000|  0%| F|  |TAMS 0x00000000b2100000| PB 0x00000000b2100000| Untracked 
| 290|0x00000000b2200000, 0x00000000b2200000, 0x00000000b2300000|  0%| F|  |TAMS 0x00000000b2200000| PB 0x00000000b2200000| Untracked 
| 291|0x00000000b2300000, 0x00000000b2300000, 0x00000000b2400000|  0%| F|  |TAMS 0x00000000b2300000| PB 0x00000000b2300000| Untracked 
| 292|0x00000000b2400000, 0x00000000b2400000, 0x00000000b2500000|  0%| F|  |TAMS 0x00000000b2400000| PB 0x00000000b2400000| Untracked 
| 293|0x00000000b2500000, 0x00000000b2500000, 0x00000000b2600000|  0%| F|  |TAMS 0x00000000b2500000| PB 0x00000000b2500000| Untracked 
| 294|0x00000000b2600000, 0x00000000b2600000, 0x00000000b2700000|  0%| F|  |TAMS 0x00000000b2600000| PB 0x00000000b2600000| Untracked 
| 295|0x00000000b2700000, 0x00000000b2700000, 0x00000000b2800000|  0%| F|  |TAMS 0x00000000b2700000| PB 0x00000000b2700000| Untracked 
| 296|0x00000000b2800000, 0x00000000b2800000, 0x00000000b2900000|  0%| F|  |TAMS 0x00000000b2800000| PB 0x00000000b2800000| Untracked 
| 297|0x00000000b2900000, 0x00000000b2900000, 0x00000000b2a00000|  0%| F|  |TAMS 0x00000000b2900000| PB 0x00000000b2900000| Untracked 
| 298|0x00000000b2a00000, 0x00000000b2a85090, 0x00000000b2b00000| 51%| E|  |TAMS 0x00000000b2a00000| PB 0x00000000b2a00000| Complete 
| 299|0x00000000b2b00000, 0x00000000b2c00000, 0x00000000b2c00000|100%| E|CS|TAMS 0x00000000b2b00000| PB 0x00000000b2b00000| Complete 
| 300|0x00000000b2c00000, 0x00000000b2d00000, 0x00000000b2d00000|100%| E|CS|TAMS 0x00000000b2c00000| PB 0x00000000b2c00000| Complete 
| 301|0x00000000b2d00000, 0x00000000b2e00000, 0x00000000b2e00000|100%| E|CS|TAMS 0x00000000b2d00000| PB 0x00000000b2d00000| Complete 
| 302|0x00000000b2e00000, 0x00000000b2f00000, 0x00000000b2f00000|100%| E|CS|TAMS 0x00000000b2e00000| PB 0x00000000b2e00000| Complete 
| 303|0x00000000b2f00000, 0x00000000b3000000, 0x00000000b3000000|100%| E|CS|TAMS 0x00000000b2f00000| PB 0x00000000b2f00000| Complete 
| 304|0x00000000b3000000, 0x00000000b3100000, 0x00000000b3100000|100%| E|CS|TAMS 0x00000000b3000000| PB 0x00000000b3000000| Complete 
| 305|0x00000000b3100000, 0x00000000b3200000, 0x00000000b3200000|100%| E|CS|TAMS 0x00000000b3100000| PB 0x00000000b3100000| Complete 
| 306|0x00000000b3200000, 0x00000000b3300000, 0x00000000b3300000|100%| E|CS|TAMS 0x00000000b3200000| PB 0x00000000b3200000| Complete 
| 307|0x00000000b3300000, 0x00000000b3400000, 0x00000000b3400000|100%| E|CS|TAMS 0x00000000b3300000| PB 0x00000000b3300000| Complete 
| 308|0x00000000b3400000, 0x00000000b3500000, 0x00000000b3500000|100%| E|CS|TAMS 0x00000000b3400000| PB 0x00000000b3400000| Complete 
| 309|0x00000000b3500000, 0x00000000b3600000, 0x00000000b3600000|100%| E|CS|TAMS 0x00000000b3500000| PB 0x00000000b3500000| Complete 
| 310|0x00000000b3600000, 0x00000000b3700000, 0x00000000b3700000|100%| E|CS|TAMS 0x00000000b3600000| PB 0x00000000b3600000| Complete 
| 311|0x00000000b3700000, 0x00000000b3800000, 0x00000000b3800000|100%| E|CS|TAMS 0x00000000b3700000| PB 0x00000000b3700000| Complete 
| 312|0x00000000b3800000, 0x00000000b3900000, 0x00000000b3900000|100%| E|CS|TAMS 0x00000000b3800000| PB 0x00000000b3800000| Complete 
| 313|0x00000000b3900000, 0x00000000b3a00000, 0x00000000b3a00000|100%| E|CS|TAMS 0x00000000b3900000| PB 0x00000000b3900000| Complete 
| 314|0x00000000b3a00000, 0x00000000b3b00000, 0x00000000b3b00000|100%| E|CS|TAMS 0x00000000b3a00000| PB 0x00000000b3a00000| Complete 
| 315|0x00000000b3b00000, 0x00000000b3c00000, 0x00000000b3c00000|100%| E|CS|TAMS 0x00000000b3b00000| PB 0x00000000b3b00000| Complete 
| 316|0x00000000b3c00000, 0x00000000b3d00000, 0x00000000b3d00000|100%| S|CS|TAMS 0x00000000b3c00000| PB 0x00000000b3c00000| Complete 
| 317|0x00000000b3d00000, 0x00000000b3e00000, 0x00000000b3e00000|100%| S|CS|TAMS 0x00000000b3d00000| PB 0x00000000b3d00000| Complete 
| 318|0x00000000b3e00000, 0x00000000b3f00000, 0x00000000b3f00000|100%| S|CS|TAMS 0x00000000b3e00000| PB 0x00000000b3e00000| Complete 
| 319|0x00000000b3f00000, 0x00000000b4000000, 0x00000000b4000000|100%| S|CS|TAMS 0x00000000b3f00000| PB 0x00000000b3f00000| Complete 
| 320|0x00000000b4000000, 0x00000000b4100000, 0x00000000b4100000|100%| S|CS|TAMS 0x00000000b4000000| PB 0x00000000b4000000| Complete 
| 321|0x00000000b4100000, 0x00000000b4200000, 0x00000000b4200000|100%| S|CS|TAMS 0x00000000b4100000| PB 0x00000000b4100000| Complete 
| 322|0x00000000b4200000, 0x00000000b4300000, 0x00000000b4300000|100%| S|CS|TAMS 0x00000000b4200000| PB 0x00000000b4200000| Complete 
| 323|0x00000000b4300000, 0x00000000b4400000, 0x00000000b4400000|100%| S|CS|TAMS 0x00000000b4300000| PB 0x00000000b4300000| Complete 
| 324|0x00000000b4400000, 0x00000000b4500000, 0x00000000b4500000|100%| S|CS|TAMS 0x00000000b4400000| PB 0x00000000b4400000| Complete 
| 325|0x00000000b4500000, 0x00000000b4600000, 0x00000000b4600000|100%| E|CS|TAMS 0x00000000b4500000| PB 0x00000000b4500000| Complete 
| 326|0x00000000b4600000, 0x00000000b4700000, 0x00000000b4700000|100%| E|CS|TAMS 0x00000000b4600000| PB 0x00000000b4600000| Complete 
| 327|0x00000000b4700000, 0x00000000b4800000, 0x00000000b4800000|100%| E|CS|TAMS 0x00000000b4700000| PB 0x00000000b4700000| Complete 
| 328|0x00000000b4800000, 0x00000000b4900000, 0x00000000b4900000|100%| E|CS|TAMS 0x00000000b4800000| PB 0x00000000b4800000| Complete 
| 329|0x00000000b4900000, 0x00000000b4a00000, 0x00000000b4a00000|100%| E|CS|TAMS 0x00000000b4900000| PB 0x00000000b4900000| Complete 
|1535|0x00000000fff00000, 0x0000000100000000, 0x0000000100000000|100%| O|  |TAMS 0x0000000100000000| PB 0x00000000fff00000| Untracked 

Card table byte_map: [0x0000021b63170000,0x0000021b63470000] _byte_map_base: 0x0000021b62c70000

Marking Bits: (CMBitMap*) 0x0000021b50d5ac40
 Bits: [0x0000021b63470000, 0x0000021b64c70000)

Polling page: 0x0000021b4e9f0000

Metaspace:

Usage:
  Non-class:     94.28 MB used.
      Class:     14.81 MB used.
       Both:    109.09 MB used.

Virtual space:
  Non-class space:      128.00 MB reserved,      95.38 MB ( 75%) committed,  2 nodes.
      Class space:        1.00 GB reserved,      15.81 MB (  2%) committed,  1 nodes.
             Both:        1.12 GB reserved,     111.19 MB ( 10%) committed. 

Chunk freelists:
   Non-Class:  396.00 KB
       Class:  59.00 KB
        Both:  455.00 KB

MaxMetaspaceSize: unlimited
CompressedClassSpaceSize: 1.00 GB
Initial GC threshold: 21.00 MB
Current GC threshold: 174.69 MB
CDS: off
 - commit_granule_bytes: 65536.
 - commit_granule_words: 8192.
 - virtual_space_node_default_size: 8388608.
 - enlarge_chunks_in_place: 1.
 - use_allocation_guard: 0.


Internal statistics:

num_allocs_failed_limit: 6.
num_arena_births: 4012.
num_arena_deaths: 20.
num_vsnodes_births: 3.
num_vsnodes_deaths: 0.
num_space_committed: 1779.
num_space_uncommitted: 0.
num_chunks_returned_to_freelist: 45.
num_chunks_taken_from_freelist: 8619.
num_chunk_merges: 11.
num_chunk_splits: 5597.
num_chunks_enlarged: 3492.
num_inconsistent_stats: 0.

CodeHeap 'non-profiled nmethods': size=120000Kb used=13304Kb max_used=13304Kb free=106695Kb
 bounds [0x0000021b5b940000, 0x0000021b5c640000, 0x0000021b62e70000]
CodeHeap 'profiled nmethods': size=120000Kb used=26503Kb max_used=26503Kb free=93496Kb
 bounds [0x0000021b53e70000, 0x0000021b55860000, 0x0000021b5b3a0000]
CodeHeap 'non-nmethods': size=5760Kb used=2918Kb max_used=2982Kb free=2841Kb
 bounds [0x0000021b5b3a0000, 0x0000021b5b690000, 0x0000021b5b940000]
CodeCache: size=245760Kb, used=42725Kb, max_used=42789Kb, free=203032Kb
 total_blobs=15295, nmethods=14277, adapters=921, full_count=0
Compilation: enabled, stopped_count=0, restarted_count=0

Compilation events (20 events):
Event: 61.830 Thread 0x0000021b6db5e020 18683       4       org.gradle.internal.vfs.impl.DefaultFileSystemAccess::readSnapshotFromLocation (27 bytes)
Event: 61.830 Thread 0x0000021b67259fb0 nmethod 18670% 0x0000021b5c624e10 code [0x0000021b5c6256e0, 0x0000021b5c62c490]
Event: 61.831 Thread 0x0000021b67259fb0 18685       4       org.gradle.internal.snapshot.AbstractListChildMap$2::withReplacedChild (14 bytes)
Event: 61.831 Thread 0x0000021b67259fb0 nmethod 18685 0x0000021b5c630f10 code [0x0000021b5c6310a0, 0x0000021b5c631190]
Event: 61.835 Thread 0x0000021b67259fb0 18686  s!   4       java.io.FileDescriptor::closeAll (163 bytes)
Event: 61.837 Thread 0x0000021b67259fb0 nmethod 18686 0x0000021b5c631290 code [0x0000021b5c631440, 0x0000021b5c631858]
Event: 61.837 Thread 0x0000021b67259fb0 18687       4       org.gradle.internal.snapshot.AbstractListChildMap::withNewChild (36 bytes)
Event: 61.843 Thread 0x0000021b6725ba60 18688       3       org.gradle.internal.execution.steps.PreCreateOutputParentsStep$1::visitOutputProperty (10 bytes)
Event: 61.843 Thread 0x0000021b6725ba60 nmethod 18688 0x0000021b55834e10 code [0x0000021b55834fc0, 0x0000021b55835180]
Event: 61.858 Thread 0x0000021b67259fb0 nmethod 18687 0x0000021b5c631a10 code [0x0000021b5c631c60, 0x0000021b5c632c28]
Event: 61.858 Thread 0x0000021b67259fb0 18689       4       org.gradle.api.internal.initialization.transform.MergeInstrumentationAnalysisTransform::doMergeAndOutputAnalysis (167 bytes)
Event: 61.880 Thread 0x0000021b6db5e020 nmethod 18683 0x0000021b5c633310 code [0x0000021b5c633740, 0x0000021b5c635818]
Event: 61.880 Thread 0x0000021b6725ba60 18690       3       org.gradle.internal.execution.steps.AssignImmutableWorkspaceStep$$Lambda/0x0000000100705268::apply (12 bytes)
Event: 61.881 Thread 0x0000021b6725ba60 nmethod 18690 0x0000021b55835290 code [0x0000021b558354a0, 0x0000021b55835c08]
Event: 61.881 Thread 0x0000021b6725ba60 18691       3       com.google.common.collect.CollectCollectors$$Lambda/0x00000001007077a8::accept (17 bytes)
Event: 61.881 Thread 0x0000021b6725ba60 nmethod 18691 0x0000021b55835e10 code [0x0000021b55836000, 0x0000021b558364c0]
Event: 61.881 Thread 0x0000021b6725ba60 18692       3       org.gradle.internal.execution.steps.AssignImmutableWorkspaceStep$$Lambda/0x0000000100707078::apply (10 bytes)
Event: 61.881 Thread 0x0000021b6725ba60 nmethod 18692 0x0000021b55836690 code [0x0000021b55836840, 0x0000021b55836b08]
Event: 61.881 Thread 0x0000021b6725ba60 18693       3       org.gradle.internal.execution.steps.AssignImmutableWorkspaceStep$$Lambda/0x00000001007072e8::apply (10 bytes)
Event: 61.881 Thread 0x0000021b6725ba60 nmethod 18693 0x0000021b55836c10 code [0x0000021b55836dc0, 0x0000021b55837088]

GC Heap History (20 events):
Event: 51.306 GC heap before
{Heap before GC invocations=73 (full 0):
 garbage-first heap   total 338944K, used 180494K [0x00000000a0000000, 0x0000000100000000)
  region size 1024K, 65 young (66560K), 11 survivors (11264K)
 Metaspace       used 84670K, committed 86336K, reserved 1179648K
  class space    used 11382K, committed 12224K, reserved 1048576K
}
Event: 51.314 GC heap after
{Heap after GC invocations=74 (full 0):
 garbage-first heap   total 338944K, used 124489K [0x00000000a0000000, 0x0000000100000000)
  region size 1024K, 10 young (10240K), 10 survivors (10240K)
 Metaspace       used 84670K, committed 86336K, reserved 1179648K
  class space    used 11382K, committed 12224K, reserved 1048576K
}
Event: 52.028 GC heap before
{Heap before GC invocations=75 (full 0):
 garbage-first heap   total 338944K, used 310857K [0x00000000a0000000, 0x0000000100000000)
  region size 1024K, 191 young (195584K), 10 survivors (10240K)
 Metaspace       used 84696K, committed 86400K, reserved 1179648K
  class space    used 11386K, committed 12224K, reserved 1048576K
}
Event: 52.037 GC heap after
{Heap after GC invocations=76 (full 0):
 garbage-first heap   total 338944K, used 124682K [0x00000000a0000000, 0x0000000100000000)
  region size 1024K, 10 young (10240K), 10 survivors (10240K)
 Metaspace       used 84696K, committed 86400K, reserved 1179648K
  class space    used 11386K, committed 12224K, reserved 1048576K
}
Event: 52.794 GC heap before
{Heap before GC invocations=76 (full 0):
 garbage-first heap   total 338944K, used 310026K [0x00000000a0000000, 0x0000000100000000)
  region size 1024K, 191 young (195584K), 10 survivors (10240K)
 Metaspace       used 84712K, committed 86464K, reserved 1179648K
  class space    used 11386K, committed 12224K, reserved 1048576K
}
Event: 52.804 GC heap after
{Heap after GC invocations=77 (full 0):
 garbage-first heap   total 338944K, used 123190K [0x00000000a0000000, 0x0000000100000000)
  region size 1024K, 8 young (8192K), 8 survivors (8192K)
 Metaspace       used 84712K, committed 86464K, reserved 1179648K
  class space    used 11386K, committed 12224K, reserved 1048576K
}
Event: 52.838 GC heap before
{Heap before GC invocations=77 (full 0):
 garbage-first heap   total 338944K, used 131382K [0x00000000a0000000, 0x0000000100000000)
  region size 1024K, 17 young (17408K), 8 survivors (8192K)
 Metaspace       used 84712K, committed 86464K, reserved 1179648K
  class space    used 11386K, committed 12224K, reserved 1048576K
}
Event: 52.845 GC heap after
{Heap after GC invocations=78 (full 0):
 garbage-first heap   total 338944K, used 123669K [0x00000000a0000000, 0x0000000100000000)
  region size 1024K, 8 young (8192K), 8 survivors (8192K)
 Metaspace       used 84712K, committed 86464K, reserved 1179648K
  class space    used 11386K, committed 12224K, reserved 1048576K
}
Event: 54.181 GC heap before
{Heap before GC invocations=79 (full 0):
 garbage-first heap   total 338944K, used 318229K [0x00000000a0000000, 0x0000000100000000)
  region size 1024K, 192 young (196608K), 8 survivors (8192K)
 Metaspace       used 85459K, committed 87232K, reserved 1179648K
  class space    used 11508K, committed 12352K, reserved 1048576K
}
Event: 54.194 GC heap after
{Heap after GC invocations=80 (full 0):
 garbage-first heap   total 338944K, used 133631K [0x00000000a0000000, 0x0000000100000000)
  region size 1024K, 13 young (13312K), 13 survivors (13312K)
 Metaspace       used 85459K, committed 87232K, reserved 1179648K
  class space    used 11508K, committed 12352K, reserved 1048576K
}
Event: 56.406 GC heap before
{Heap before GC invocations=80 (full 0):
 garbage-first heap   total 338944K, used 312831K [0x00000000a0000000, 0x0000000100000000)
  region size 1024K, 182 young (186368K), 13 survivors (13312K)
 Metaspace       used 96128K, committed 97984K, reserved 1179648K
  class space    used 12846K, committed 13760K, reserved 1048576K
}
Event: 56.422 GC heap after
{Heap after GC invocations=81 (full 0):
 garbage-first heap   total 338944K, used 145077K [0x00000000a0000000, 0x0000000100000000)
  region size 1024K, 20 young (20480K), 20 survivors (20480K)
 Metaspace       used 96128K, committed 97984K, reserved 1179648K
  class space    used 12846K, committed 13760K, reserved 1048576K
}
Event: 58.701 GC heap before
{Heap before GC invocations=81 (full 0):
 garbage-first heap   total 338944K, used 299701K [0x00000000a0000000, 0x0000000100000000)
  region size 1024K, 171 young (175104K), 20 survivors (20480K)
 Metaspace       used 104062K, committed 106048K, reserved 1179648K
  class space    used 13918K, committed 14848K, reserved 1048576K
}
Event: 58.719 GC heap after
{Heap after GC invocations=82 (full 0):
 garbage-first heap   total 338944K, used 153824K [0x00000000a0000000, 0x0000000100000000)
  region size 1024K, 17 young (17408K), 17 survivors (17408K)
 Metaspace       used 104062K, committed 106048K, reserved 1179648K
  class space    used 13918K, committed 14848K, reserved 1048576K
}
Event: 60.585 GC heap before
{Heap before GC invocations=83 (full 0):
 garbage-first heap   total 338944K, used 303328K [0x00000000a0000000, 0x0000000100000000)
  region size 1024K, 162 young (165888K), 17 survivors (17408K)
 Metaspace       used 111397K, committed 113472K, reserved 1179648K
  class space    used 15137K, committed 16128K, reserved 1048576K
}
Event: 60.600 GC heap after
{Heap after GC invocations=84 (full 0):
 garbage-first heap   total 338944K, used 158720K [0x00000000a0000000, 0x0000000100000000)
  region size 1024K, 14 young (14336K), 14 survivors (14336K)
 Metaspace       used 111397K, committed 113472K, reserved 1179648K
  class space    used 15137K, committed 16128K, reserved 1048576K
}
Event: 61.804 GC heap before
{Heap before GC invocations=84 (full 0):
 garbage-first heap   total 338944K, used 304128K [0x00000000a0000000, 0x0000000100000000)
  region size 1024K, 157 young (160768K), 14 survivors (14336K)
 Metaspace       used 111711K, committed 113856K, reserved 1179648K
  class space    used 15167K, committed 16192K, reserved 1048576K
}
Event: 61.828 GC heap after
{Heap after GC invocations=85 (full 0):
 garbage-first heap   total 338944K, used 166912K [0x00000000a0000000, 0x0000000100000000)
  region size 1024K, 13 young (13312K), 13 survivors (13312K)
 Metaspace       used 111711K, committed 113856K, reserved 1179648K
  class space    used 15167K, committed 16192K, reserved 1048576K
}
Event: 61.848 GC heap before
{Heap before GC invocations=85 (full 0):
 garbage-first heap   total 338944K, used 169984K [0x00000000a0000000, 0x0000000100000000)
  region size 1024K, 18 young (18432K), 13 survivors (13312K)
 Metaspace       used 111711K, committed 113856K, reserved 1179648K
  class space    used 15167K, committed 16192K, reserved 1048576K
}
Event: 61.857 GC heap after
{Heap after GC invocations=86 (full 0):
 garbage-first heap   total 338944K, used 167838K [0x00000000a0000000, 0x0000000100000000)
  region size 1024K, 9 young (9216K), 9 survivors (9216K)
 Metaspace       used 111711K, committed 113856K, reserved 1179648K
  class space    used 15167K, committed 16192K, reserved 1048576K
}

Dll operation events (3 events):
Event: 0.008 Loaded shared library C:\Program Files\Android\Android Studio\jbr\bin\java.dll
Event: 0.013 Loaded shared library C:\Program Files\Android\Android Studio\jbr\bin\zip.dll
Event: 0.543 Loaded shared library C:\Program Files\Android\Android Studio\jbr\bin\verify.dll

Deoptimization events (20 events):
Event: 60.795 Thread 0x0000021b6d43e510 DEOPT PACKING pc=0x0000021b555e76ed sp=0x0000002787df63c0
Event: 60.795 Thread 0x0000021b6d43e510 DEOPT UNPACKING pc=0x0000021b5b3f4e42 sp=0x0000002787df58f8 mode 0
Event: 60.795 Thread 0x0000021b6d43e510 DEOPT PACKING pc=0x0000021b555e76ed sp=0x0000002787df63c0
Event: 60.795 Thread 0x0000021b6d43e510 DEOPT UNPACKING pc=0x0000021b5b3f4e42 sp=0x0000002787df58f8 mode 0
Event: 60.795 Thread 0x0000021b6d43e510 DEOPT PACKING pc=0x0000021b555e7686 sp=0x0000002787df63c0
Event: 60.795 Thread 0x0000021b6d43e510 DEOPT UNPACKING pc=0x0000021b5b3f4e42 sp=0x0000002787df58f8 mode 0
Event: 60.795 Thread 0x0000021b6d43e510 DEOPT PACKING pc=0x0000021b555e7686 sp=0x0000002787df63c0
Event: 60.795 Thread 0x0000021b6d43e510 DEOPT UNPACKING pc=0x0000021b5b3f4e42 sp=0x0000002787df58f8 mode 0
Event: 60.796 Thread 0x0000021b6d43e510 DEOPT PACKING pc=0x0000021b555e77ed sp=0x0000002787df63c0
Event: 60.796 Thread 0x0000021b6d43e510 DEOPT UNPACKING pc=0x0000021b5b3f4e42 sp=0x0000002787df58f8 mode 0
Event: 60.815 Thread 0x0000021b775e8fe0 DEOPT PACKING pc=0x0000021b555e7745 sp=0x00000027860fb6b0
Event: 60.815 Thread 0x0000021b775e8fe0 DEOPT UNPACKING pc=0x0000021b5b3f4e42 sp=0x00000027860fabe8 mode 0
Event: 60.839 Thread 0x0000021b775ebdd0 Uncommon trap: trap_request=0xffffff45 fr.pc=0x0000021b5c385b00 relative=0x0000000000000ee0
Event: 60.839 Thread 0x0000021b775ebdd0 Uncommon trap: reason=unstable_if action=reinterpret pc=0x0000021b5c385b00 method=java.util.concurrent.ConcurrentHashMap.putVal(Ljava/lang/Object;Ljava/lang/Object;Z)Ljava/lang/Object; @ 112 c2
Event: 60.839 Thread 0x0000021b775ebdd0 DEOPT PACKING pc=0x0000021b5c385b00 sp=0x00000027861fbb40
Event: 60.839 Thread 0x0000021b775ebdd0 DEOPT UNPACKING pc=0x0000021b5b3f46a2 sp=0x00000027861fbad0 mode 2
Event: 61.383 Thread 0x0000021b6d43e510 DEOPT PACKING pc=0x0000021b54b4728e sp=0x0000002787df4cf0
Event: 61.383 Thread 0x0000021b6d43e510 DEOPT UNPACKING pc=0x0000021b5b3f4e42 sp=0x0000002787df41b8 mode 0
Event: 61.847 Thread 0x0000021b775e8fe0 DEOPT PACKING pc=0x0000021b557d2b19 sp=0x00000027860fb790
Event: 61.847 Thread 0x0000021b775e8fe0 DEOPT UNPACKING pc=0x0000021b5b3f4e42 sp=0x00000027860fad38 mode 0

Classes loaded (20 events):
Event: 57.187 Loading class javax/xml/stream/XMLStreamException
Event: 57.189 Loading class javax/xml/stream/XMLStreamException done
Event: 57.565 Loading class java/beans/IntrospectionException
Event: 57.565 Loading class java/beans/IntrospectionException done
Event: 57.948 Loading class java/lang/EnumBeanInfo
Event: 57.948 Loading class java/lang/EnumBeanInfo done
Event: 57.948 Loading class java/lang/EnumBeanInfo
Event: 57.948 Loading class java/lang/EnumBeanInfo done
Event: 57.948 Loading class java/lang/EnumCustomizer
Event: 57.948 Loading class java/lang/EnumCustomizer done
Event: 57.949 Loading class java/lang/EnumCustomizer
Event: 57.949 Loading class java/lang/EnumCustomizer done
Event: 58.877 Loading class java/util/Currency
Event: 58.879 Loading class java/util/Currency done
Event: 58.886 Loading class java/util/concurrent/atomic/AtomicLongArray
Event: 58.886 Loading class java/util/concurrent/atomic/AtomicLongArray done
Event: 59.036 Loading class java/util/regex/Pattern$Caret
Event: 59.036 Loading class java/util/regex/Pattern$Caret done
Event: 59.796 Loading class java/lang/invoke/BoundMethodHandle$Species_LLLJ
Event: 59.796 Loading class java/lang/invoke/BoundMethodHandle$Species_LLLJ done

Classes unloaded (20 events):
Event: 31.233 Thread 0x0000021b6707fe00 Unloading class 0x0000000100838800 '_BuildScript_'
Event: 31.233 Thread 0x0000021b6707fe00 Unloading class 0x0000000100833988 '_BuildScript_$_run_closure1$_closure2'
Event: 31.233 Thread 0x0000021b6707fe00 Unloading class 0x0000000100833568 '_BuildScript_$_run_closure1'
Event: 31.233 Thread 0x0000021b6707fe00 Unloading class 0x0000000100833000 '_BuildScript_'
Event: 31.233 Thread 0x0000021b6707fe00 Unloading class 0x0000000100831420 '_BuildScript_$_run_closure1$_closure2$_closure3$_closure4'
Event: 31.233 Thread 0x0000021b6707fe00 Unloading class 0x0000000100831000 '_BuildScript_$_run_closure1$_closure2$_closure3'
Event: 31.233 Thread 0x0000021b6707fe00 Unloading class 0x0000000100830988 '_BuildScript_$_run_closure1$_closure2'
Event: 31.233 Thread 0x0000021b6707fe00 Unloading class 0x0000000100830568 '_BuildScript_$_run_closure1'
Event: 31.233 Thread 0x0000021b6707fe00 Unloading class 0x0000000100830000 '_BuildScript_'
Event: 31.233 Thread 0x0000021b6707fe00 Unloading class 0x000000010082a840 '_BuildScript_$_run_closure1$_closure2$_closure4$_closure5'
Event: 31.233 Thread 0x0000021b6707fe00 Unloading class 0x000000010082a420 '_BuildScript_$_run_closure1$_closure2$_closure4'
Event: 31.233 Thread 0x0000021b6707fe00 Unloading class 0x000000010082a000 '_BuildScript_$_run_closure1$_closure2$_closure3'
Event: 31.233 Thread 0x0000021b6707fe00 Unloading class 0x0000000100829988 '_BuildScript_$_run_closure1$_closure2'
Event: 31.233 Thread 0x0000021b6707fe00 Unloading class 0x0000000100829568 '_BuildScript_$_run_closure1'
Event: 31.233 Thread 0x0000021b6707fe00 Unloading class 0x0000000100829000 '_BuildScript_'
Event: 31.233 Thread 0x0000021b6707fe00 Unloading class 0x0000000100825420 '_BuildScript_$_run_closure1$_closure2$_closure3$_closure4'
Event: 31.233 Thread 0x0000021b6707fe00 Unloading class 0x0000000100825000 '_BuildScript_$_run_closure1$_closure2$_closure3'
Event: 31.233 Thread 0x0000021b6707fe00 Unloading class 0x0000000100824988 '_BuildScript_$_run_closure1$_closure2'
Event: 31.233 Thread 0x0000021b6707fe00 Unloading class 0x0000000100824568 '_BuildScript_$_run_closure1'
Event: 31.233 Thread 0x0000021b6707fe00 Unloading class 0x0000000100824000 '_BuildScript_'

Classes redefined (0 events):
No events

Internal exceptions (20 events):
Event: 60.662 Thread 0x0000021b6d43e510 Exception <a 'sun/nio/fs/WindowsException'{0x00000000b3d0adf0}> (0x00000000b3d0adf0) 
thrown [s\src\hotspot\share\prims\jni.cpp, line 537]
Event: 60.663 Thread 0x0000021b6d43e510 Exception <a 'sun/nio/fs/WindowsException'{0x00000000b3d153c0}> (0x00000000b3d153c0) 
thrown [s\src\hotspot\share\prims\jni.cpp, line 537]
Event: 60.677 Thread 0x0000021b6d72e230 Exception <a 'sun/nio/fs/WindowsException'{0x00000000b3da5a18}> (0x00000000b3da5a18) 
thrown [s\src\hotspot\share\prims\jni.cpp, line 537]
Event: 60.677 Thread 0x0000021b6d72e230 Exception <a 'sun/nio/fs/WindowsException'{0x00000000b3da6388}> (0x00000000b3da6388) 
thrown [s\src\hotspot\share\prims\jni.cpp, line 537]
Event: 60.678 Thread 0x0000021b6d72e230 Exception <a 'sun/nio/fs/WindowsException'{0x00000000b3db6570}> (0x00000000b3db6570) 
thrown [s\src\hotspot\share\prims\jni.cpp, line 537]
Event: 60.680 Thread 0x0000021b6d72e230 Exception <a 'sun/nio/fs/WindowsException'{0x00000000b3dc7588}> (0x00000000b3dc7588) 
thrown [s\src\hotspot\share\prims\jni.cpp, line 537]
Event: 60.681 Thread 0x0000021b6d72e230 Exception <a 'sun/nio/fs/WindowsException'{0x00000000b3dd8a18}> (0x00000000b3dd8a18) 
thrown [s\src\hotspot\share\prims\jni.cpp, line 537]
Event: 60.682 Thread 0x0000021b6d72e230 Exception <a 'sun/nio/fs/WindowsException'{0x00000000b3de97b0}> (0x00000000b3de97b0) 
thrown [s\src\hotspot\share\prims\jni.cpp, line 537]
Event: 60.684 Thread 0x0000021b6d72e230 Exception <a 'sun/nio/fs/WindowsException'{0x00000000b3df4b38}> (0x00000000b3df4b38) 
thrown [s\src\hotspot\share\prims\jni.cpp, line 537]
Event: 60.693 Thread 0x0000021b6d43e510 Exception <a 'java/lang/ClassNotFoundException'{0x00000000b3c18be0}: build_8cx8tagmizk1mie9qt7teevhwBeanInfo> (0x00000000b3c18be0) 
thrown [s\src\hotspot\share\classfile\systemDictionary.cpp, line 312]
Event: 60.693 Thread 0x0000021b6d43e510 Exception <a 'java/lang/ClassNotFoundException'{0x00000000b3c201c8}: build_8cx8tagmizk1mie9qt7teevhwCustomizer> (0x00000000b3c201c8) 
thrown [s\src\hotspot\share\classfile\systemDictionary.cpp, line 312]
Event: 60.699 Thread 0x0000021b6d43e510 Exception <a 'java/lang/NoSuchMethodError'{0x00000000b3c5a1c0}: 'java.lang.Object java.lang.invoke.DirectMethodHandle$Holder.newInvokeSpecial(java.lang.Object, java.lang.Object, java.lang.Object, java.lang.Object, java.lang.Object, java.lang.Object, java.lang.Object, java.lang.Object, java.lang.Object, java.lang.Object, java.lang.Object, java.lang.Object, java.lang.Object, java.lang.Object, java.lang.Object, java.lang.Object, java.lang.Object, java.lang.Object)'> (0x00000000b3c5a1c0) 
thrown [s\src\hotspot
Event: 60.699 Thread 0x0000021b6d43e510 Exception <a 'java/lang/NoSuchMethodError'{0x00000000b3c60f40}: 'java.lang.Object java.lang.invoke.DirectMethodHandle$Holder.invokeSpecial(java.lang.Object, java.lang.Object, java.lang.Object, java.lang.Object, java.lang.Object, java.lang.Object, java.lang.Object, java.lang.Object, java.lang.Object, java.lang.Object, java.lang.Object, java.lang.Object, java.lang.Object, java.lang.Object, java.lang.Object, java.lang.Object, java.lang.Object, java.lang.Object, java.lang.Object)'> (0x00000000b3c60f40) 
thrown
Event: 60.700 Thread 0x0000021b6d43e510 Exception <a 'java/lang/NoSuchMethodError'{0x00000000b3c66dd0}: 'java.lang.Object java.lang.invoke.DelegatingMethodHandle$Holder.reinvoke_L(java.lang.Object, java.lang.Object, java.lang.Object, java.lang.Object, java.lang.Object, java.lang.Object, java.lang.Object, java.lang.Object, java.lang.Object, java.lang.Object, java.lang.Object, java.lang.Object, java.lang.Object, java.lang.Object, java.lang.Object, java.lang.Object, java.lang.Object, java.lang.Object)'> (0x00000000b3c66dd0) 
thrown [s\src\hotspot\s
Event: 60.708 Thread 0x0000021b6d43e510 Exception <a 'java/lang/ClassNotFoundException'{0x00000000b3b40368}: org/gradle/api/internal/artifacts/repositories/DefaultMavenArtifactRepository_DecoratedBeanInfo> (0x00000000b3b40368) 
thrown [s\src\hotspot\share\classfile\systemDictionary.cpp, line 312]
Event: 60.709 Thread 0x0000021b6d43e510 Exception <a 'java/lang/ClassNotFoundException'{0x00000000b3b584b0}: org/gradle/api/internal/artifacts/repositories/DefaultMavenArtifactRepositoryBeanInfo> (0x00000000b3b584b0) 
thrown [s\src\hotspot\share\classfile\systemDictionary.cpp, line 312]
Event: 60.710 Thread 0x0000021b6d43e510 Exception <a 'java/lang/ClassNotFoundException'{0x00000000b3b70b90}: org/gradle/api/internal/artifacts/repositories/AbstractAuthenticationSupportedRepositoryBeanInfo> (0x00000000b3b70b90) 
thrown [s\src\hotspot\share\classfile\systemDictionary.cpp, line 312]
Event: 60.710 Thread 0x0000021b6d43e510 Exception <a 'java/lang/ClassNotFoundException'{0x00000000b3b89508}: org/gradle/api/internal/artifacts/repositories/AbstractAuthenticationSupportedRepositoryCustomizer> (0x00000000b3b89508) 
thrown [s\src\hotspot\share\classfile\systemDictionary.cpp, line 312]
Event: 60.712 Thread 0x0000021b6d43e510 Exception <a 'java/lang/ClassNotFoundException'{0x00000000b3bb6658}: org/gradle/api/internal/artifacts/repositories/DefaultMavenArtifactRepositoryCustomizer> (0x00000000b3bb6658) 
thrown [s\src\hotspot\share\classfile\systemDictionary.cpp, line 312]
Event: 60.713 Thread 0x0000021b6d43e510 Exception <a 'java/lang/ClassNotFoundException'{0x00000000b3be81f0}: org/gradle/api/internal/artifacts/repositories/DefaultMavenArtifactRepository_DecoratedCustomizer> (0x00000000b3be81f0) 
thrown [s\src\hotspot\share\classfile\systemDictionary.cpp, line 312]

ZGC Phase Switch (0 events):
No events

VM Operations (20 events):
Event: 58.991 Executing VM operation: G1PauseRemark
Event: 58.998 Executing VM operation: G1PauseRemark done
Event: 59.081 Executing VM operation: G1PauseCleanup
Event: 59.081 Executing VM operation: G1PauseCleanup done
Event: 60.088 Executing VM operation: Cleanup
Event: 60.088 Executing VM operation: Cleanup done
Event: 60.248 Executing VM operation: HandshakeAllThreads (HandshakeForDeflation)
Event: 60.248 Executing VM operation: HandshakeAllThreads (HandshakeForDeflation) done
Event: 60.248 Executing VM operation: RendezvousGCThreads
Event: 60.248 Executing VM operation: RendezvousGCThreads done
Event: 60.584 Executing VM operation: G1CollectForAllocation (G1 Evacuation Pause)
Event: 60.600 Executing VM operation: G1CollectForAllocation (G1 Evacuation Pause) done
Event: 60.778 Executing VM operation: ICBufferFull
Event: 60.779 Executing VM operation: ICBufferFull done
Event: 61.783 Executing VM operation: Cleanup
Event: 61.783 Executing VM operation: Cleanup done
Event: 61.804 Executing VM operation: G1CollectForAllocation (G1 Evacuation Pause)
Event: 61.828 Executing VM operation: G1CollectForAllocation (G1 Evacuation Pause) done
Event: 61.848 Executing VM operation: G1TryInitiateConcMark (G1 Humongous Allocation)
Event: 61.857 Executing VM operation: G1TryInitiateConcMark (G1 Humongous Allocation) done

Memory protections (0 events):
No events

Nmethod flushes (20 events):
Event: 58.997 Thread 0x0000021b6707fe00 flushing  nmethod 0x0000021b542d7f10
Event: 58.997 Thread 0x0000021b6707fe00 flushing  nmethod 0x0000021b542fbc90
Event: 58.997 Thread 0x0000021b6707fe00 flushing  nmethod 0x0000021b542fc390
Event: 58.997 Thread 0x0000021b6707fe00 flushing  nmethod 0x0000021b5432e610
Event: 58.997 Thread 0x0000021b6707fe00 flushing  nmethod 0x0000021b543fa590
Event: 58.997 Thread 0x0000021b6707fe00 flushing  nmethod 0x0000021b544b7390
Event: 58.997 Thread 0x0000021b6707fe00 flushing  nmethod 0x0000021b54659910
Event: 58.997 Thread 0x0000021b6707fe00 flushing  nmethod 0x0000021b548e9290
Event: 58.997 Thread 0x0000021b6707fe00 flushing  nmethod 0x0000021b548f1b90
Event: 58.997 Thread 0x0000021b6707fe00 flushing  nmethod 0x0000021b5492d410
Event: 58.997 Thread 0x0000021b6707fe00 flushing  nmethod 0x0000021b54ab4410
Event: 58.997 Thread 0x0000021b6707fe00 flushing  nmethod 0x0000021b54b21110
Event: 58.997 Thread 0x0000021b6707fe00 flushing  nmethod 0x0000021b54c3dd10
Event: 58.997 Thread 0x0000021b6707fe00 flushing  nmethod 0x0000021b54dbaf10
Event: 58.997 Thread 0x0000021b6707fe00 flushing  nmethod 0x0000021b55095e10
Event: 58.997 Thread 0x0000021b6707fe00 flushing  nmethod 0x0000021b551f3410
Event: 58.997 Thread 0x0000021b6707fe00 flushing  nmethod 0x0000021b551f5010
Event: 58.997 Thread 0x0000021b6707fe00 flushing  nmethod 0x0000021b55433310
Event: 58.997 Thread 0x0000021b6707fe00 flushing  nmethod 0x0000021b55463f90
Event: 58.997 Thread 0x0000021b6707fe00 flushing  nmethod 0x0000021b55465b90

Events (20 events):
Event: 36.757 Thread 0x0000021b6d43e510 Thread added: 0x0000021b714e7570
Event: 36.762 Thread 0x0000021b6d43e510 Thread added: 0x0000021b714e1300
Event: 36.787 Thread 0x0000021b6725ba60 Thread added: 0x0000021b6d5c9500
Event: 39.234 Thread 0x0000021b6d43e510 Thread added: 0x0000021b714e2020
Event: 39.235 Thread 0x0000021b6d43e510 Thread added: 0x0000021b714e26b0
Event: 39.236 Thread 0x0000021b6d43e510 Thread added: 0x0000021b714e40f0
Event: 51.175 Thread 0x0000021b6d5c9500 Thread exited: 0x0000021b6d5c9500
Event: 53.609 Thread 0x0000021b6725ba60 Thread added: 0x0000021b71d92040
Event: 55.196 Thread 0x0000021b71d92040 Thread exited: 0x0000021b71d92040
Event: 55.614 Thread 0x0000021b6725ba60 Thread added: 0x0000021b6da24c60
Event: 56.051 Thread 0x0000021b6d43e510 Thread added: 0x0000021b6ff14da0
Event: 56.506 Thread 0x0000021b6da24c60 Thread exited: 0x0000021b6da24c60
Event: 56.824 Thread 0x0000021b6725ba60 Thread added: 0x0000021b6da24c60
Event: 58.932 Thread 0x0000021b6da24c60 Thread exited: 0x0000021b6da24c60
Event: 58.982 Thread 0x0000021b6725ba60 Thread added: 0x0000021b6da24c60
Event: 59.862 Thread 0x0000021b6da24c60 Thread exited: 0x0000021b6da24c60
Event: 60.512 Thread 0x0000021b6725ba60 Thread added: 0x0000021b6db5e020
Event: 60.798 Thread 0x0000021b6d43e510 Thread added: 0x0000021b775e8fe0
Event: 60.798 Thread 0x0000021b6d43e510 Thread added: 0x0000021b775ebdd0
Event: 60.800 Thread 0x0000021b6d43e510 Thread added: 0x0000021b775e9670


Dynamic libraries:
0x00007ff66c270000 - 0x00007ff66c27a000 	C:\Program Files\Android\Android Studio\jbr\bin\java.exe
0x00007ffa59670000 - 0x00007ffa59868000 	C:\Windows\SYSTEM32\ntdll.dll
0x00007ffa57690000 - 0x00007ffa57752000 	C:\Windows\System32\KERNEL32.DLL
0x00007ffa56fa0000 - 0x00007ffa57296000 	C:\Windows\System32\KERNELBASE.dll
0x00007ffa573c0000 - 0x00007ffa574c0000 	C:\Windows\System32\ucrtbase.dll
0x00007ffa41120000 - 0x00007ffa4113b000 	C:\Program Files\Android\Android Studio\jbr\bin\VCRUNTIME140.dll
0x00007ffa40830000 - 0x00007ffa40848000 	C:\Program Files\Android\Android Studio\jbr\bin\jli.dll
0x00007ffa58210000 - 0x00007ffa583b1000 	C:\Windows\System32\USER32.dll
0x00007ffa560a0000 - 0x00007ffa5633b000 	C:\Windows\WinSxS\amd64_microsoft.windows.common-controls_6595b64144ccf1df_6.0.19041.6456_none_60b8a6cb71f64256\COMCTL32.dll
0x00007ffa57390000 - 0x00007ffa573b2000 	C:\Windows\System32\win32u.dll
0x00007ffa58b70000 - 0x00007ffa58b9b000 	C:\Windows\System32\GDI32.dll
0x00007ffa57870000 - 0x00007ffa5790e000 	C:\Windows\System32\msvcrt.dll
0x00007ffa574c0000 - 0x00007ffa575d9000 	C:\Windows\System32\gdi32full.dll
0x00007ffa572a0000 - 0x00007ffa5733d000 	C:\Windows\System32\msvcp_win.dll
0x00007ffa581e0000 - 0x00007ffa5820f000 	C:\Windows\System32\IMM32.DLL
0x00007ffa53280000 - 0x00007ffa5328c000 	C:\Program Files\Android\Android Studio\jbr\bin\vcruntime140_1.dll
0x00007ffa341a0000 - 0x00007ffa3422d000 	C:\Program Files\Android\Android Studio\jbr\bin\msvcp140.dll
0x00007ffa1f530000 - 0x00007ffa201c6000 	C:\Program Files\Android\Android Studio\jbr\bin\server\jvm.dll
0x00007ffa579a0000 - 0x00007ffa57a51000 	C:\Windows\System32\ADVAPI32.dll
0x00007ffa58c20000 - 0x00007ffa58cbf000 	C:\Windows\System32\sechost.dll
0x00007ffa57ee0000 - 0x00007ffa58000000 	C:\Windows\System32\RPCRT4.dll
0x00007ffa56ef0000 - 0x00007ffa56f17000 	C:\Windows\System32\bcrypt.dll
0x00007ffa58d20000 - 0x00007ffa58d8b000 	C:\Windows\System32\WS2_32.dll
0x00007ffa56870000 - 0x00007ffa568bb000 	C:\Windows\SYSTEM32\POWRPROF.dll
0x00007ffa4e5a0000 - 0x00007ffa4e5c7000 	C:\Windows\SYSTEM32\WINMM.dll
0x00007ffa4e5d0000 - 0x00007ffa4e5da000 	C:\Windows\SYSTEM32\VERSION.dll
0x00007ffa56430000 - 0x00007ffa56442000 	C:\Windows\SYSTEM32\UMPDC.dll
0x00007ffa544f0000 - 0x00007ffa54502000 	C:\Windows\SYSTEM32\kernel.appcore.dll
0x00007ffa48440000 - 0x00007ffa4844a000 	C:\Program Files\Android\Android Studio\jbr\bin\jimage.dll
0x00007ffa56660000 - 0x00007ffa56861000 	C:\Windows\SYSTEM32\DBGHELP.DLL
0x00007ffa56470000 - 0x00007ffa564a4000 	C:\Windows\SYSTEM32\dbgcore.DLL
0x00007ffa56e60000 - 0x00007ffa56ee2000 	C:\Windows\System32\bcryptPrimitives.dll
0x00007ffa435f0000 - 0x00007ffa435fe000 	C:\Program Files\Android\Android Studio\jbr\bin\instrument.dll
0x00007ffa3e4b0000 - 0x00007ffa3e4d0000 	C:\Program Files\Android\Android Studio\jbr\bin\java.dll
0x00007ffa3e490000 - 0x00007ffa3e4a8000 	C:\Program Files\Android\Android Studio\jbr\bin\zip.dll
0x00007ffa58ec0000 - 0x00007ffa59630000 	C:\Windows\System32\SHELL32.dll
0x00007ffa546f0000 - 0x00007ffa54e95000 	C:\Windows\SYSTEM32\windows.storage.dll
0x00007ffa57b80000 - 0x00007ffa57ed4000 	C:\Windows\System32\combase.dll
0x00007ffa55f50000 - 0x00007ffa55f7b000 	C:\Windows\SYSTEM32\Wldp.dll
0x00007ffa583c0000 - 0x00007ffa5848d000 	C:\Windows\System32\OLEAUT32.dll
0x00007ffa577c0000 - 0x00007ffa5786d000 	C:\Windows\System32\SHCORE.dll
0x00007ffa57a70000 - 0x00007ffa57acb000 	C:\Windows\System32\shlwapi.dll
0x00007ffa56c30000 - 0x00007ffa56c54000 	C:\Windows\SYSTEM32\profapi.dll
0x00007ffa414d0000 - 0x00007ffa414e0000 	C:\Program Files\Android\Android Studio\jbr\bin\net.dll
0x00007ffa500a0000 - 0x00007ffa501aa000 	C:\Windows\SYSTEM32\WINHTTP.dll
0x00007ffa55d10000 - 0x00007ffa55d7a000 	C:\Windows\system32\mswsock.dll
0x00007ffa3e470000 - 0x00007ffa3e486000 	C:\Program Files\Android\Android Studio\jbr\bin\nio.dll
0x00007ffa408f0000 - 0x00007ffa40900000 	C:\Program Files\Android\Android Studio\jbr\bin\verify.dll
0x00007ffa40900000 - 0x00007ffa40927000 	C:\Users\Rahul\.gradle\native\1def1411415f61bf3af743bc5b6707747c0891f09f0c88961ee8f79bc544acac\windows-amd64\native-platform.dll
0x00007ffa34120000 - 0x00007ffa34198000 	C:\Users\Rahul\.gradle\native\0.2.7\x86_64-windows-gnu\gradle-fileevents.dll
0x00007ffa4a5d0000 - 0x00007ffa4a5d9000 	C:\Program Files\Android\Android Studio\jbr\bin\management.dll
0x00007ffa4a5c0000 - 0x00007ffa4a5cb000 	C:\Program Files\Android\Android Studio\jbr\bin\management_ext.dll
0x00007ffa58000000 - 0x00007ffa58008000 	C:\Windows\System32\PSAPI.DLL
0x00007ffa55a30000 - 0x00007ffa55a6b000 	C:\Windows\SYSTEM32\IPHLPAPI.DLL
0x00007ffa58490000 - 0x00007ffa58498000 	C:\Windows\System32\NSI.dll
0x00007ffa4a5b0000 - 0x00007ffa4a5b9000 	C:\Program Files\Android\Android Studio\jbr\bin\extnet.dll
0x00007ffa56a70000 - 0x00007ffa56a88000 	C:\Windows\SYSTEM32\CRYPTSP.dll
0x00007ffa556d0000 - 0x00007ffa55708000 	C:\Windows\system32\rsaenh.dll
0x00007ffa56bb0000 - 0x00007ffa56bde000 	C:\Windows\SYSTEM32\USERENV.dll
0x00007ffa55fa0000 - 0x00007ffa55fac000 	C:\Windows\SYSTEM32\CRYPTBASE.dll
0x00007ffa3a710000 - 0x00007ffa3a717000 	C:\Windows\system32\wshunix.dll
0x00007ffa56a30000 - 0x00007ffa56a63000 	C:\Windows\SYSTEM32\ntmarta.dll
0x00007ffa55a70000 - 0x00007ffa55b3a000 	C:\Windows\SYSTEM32\DNSAPI.dll
0x00007ffa4a410000 - 0x00007ffa4a41a000 	C:\Windows\System32\rasadhlp.dll
0x00007ffa4af80000 - 0x00007ffa4b000000 	C:\Windows\System32\fwpuclnt.dll

JVMTI agents:
C:\Users\Rahul\.gradle\wrapper\dists\gradle-8.14.3-all\10utluxaxniiv4wxiphsi49nj\gradle-8.14.3\lib\agents\gradle-instrumentation-agent-8.14.3.jar path:C:\Program Files\Android\Android Studio\jbr\bin\instrument.dll, loaded, initialized, instrumentlib options:none

dbghelp: loaded successfully - version: 4.0.5 - missing functions: none
symbol engine: initialized successfully - sym options: 0x614 - pdb path: .;C:\Program Files\Android\Android Studio\jbr\bin;C:\Windows\SYSTEM32;C:\Windows\WinSxS\amd64_microsoft.windows.common-controls_6595b64144ccf1df_6.0.19041.6456_none_60b8a6cb71f64256;C:\Program Files\Android\Android Studio\jbr\bin\server;C:\Users\Rahul\.gradle\native\1def1411415f61bf3af743bc5b6707747c0891f09f0c88961ee8f79bc544acac\windows-amd64;C:\Users\Rahul\.gradle\native\0.2.7\x86_64-windows-gnu

VM Arguments:
jvm_args: --add-opens=java.base/java.lang=ALL-UNNAMED --add-opens=java.base/java.lang.invoke=ALL-UNNAMED --add-opens=java.base/java.util=ALL-UNNAMED --add-opens=java.prefs/java.util.prefs=ALL-UNNAMED --add-exports=jdk.compiler/com.sun.tools.javac.api=ALL-UNNAMED --add-exports=jdk.compiler/com.sun.tools.javac.util=ALL-UNNAMED --add-opens=java.base/java.util=ALL-UNNAMED --add-opens=java.prefs/java.util.prefs=ALL-UNNAMED --add-opens=java.base/java.nio.charset=ALL-UNNAMED --add-opens=java.base/java.net=ALL-UNNAMED --add-opens=java.base/java.util.concurrent.atomic=ALL-UNNAMED --add-opens=java.xml/javax.xml.namespace=ALL-UNNAMED -Xmx1536m -Dfile.encoding=UTF-8 -Duser.country=IN -Duser.language=en -Duser.variant -javaagent:C:\Users\Rahul\.gradle\wrapper\dists\gradle-8.14.3-all\10utluxaxniiv4wxiphsi49nj\gradle-8.14.3\lib\agents\gradle-instrumentation-agent-8.14.3.jar 
java_command: org.gradle.launcher.daemon.bootstrap.GradleDaemon 8.14.3
java_class_path (initial): C:\Users\Rahul\.gradle\wrapper\dists\gradle-8.14.3-all\10utluxaxniiv4wxiphsi49nj\gradle-8.14.3\lib\gradle-daemon-main-8.14.3.jar
Launcher Type: SUN_STANDARD

[Global flags]
     intx CICompilerCount                          = 3                                         {product} {ergonomic}
     uint ConcGCThreads                            = 1                                         {product} {ergonomic}
     uint G1ConcRefinementThreads                  = 4                                         {product} {ergonomic}
   size_t G1HeapRegionSize                         = 1048576                                   {product} {ergonomic}
    uintx GCDrainStackTargetSize                   = 64                                        {product} {ergonomic}
   size_t InitialHeapSize                          = 134217728                                 {product} {ergonomic}
   size_t MarkStackSize                            = 4194304                                   {product} {ergonomic}
   size_t MaxHeapSize                              = 1610612736                                {product} {command line}
   size_t MaxNewSize                               = 965738496                                 {product} {ergonomic}
   size_t MinHeapDeltaBytes                        = 1048576                                   {product} {ergonomic}
   size_t MinHeapSize                              = 8388608                                   {product} {ergonomic}
    uintx NonNMethodCodeHeapSize                   = 5832780                                {pd product} {ergonomic}
    uintx NonProfiledCodeHeapSize                  = 122912730                              {pd product} {ergonomic}
    uintx ProfiledCodeHeapSize                     = 122912730                              {pd product} {ergonomic}
    uintx ReservedCodeCacheSize                    = 251658240                              {pd product} {ergonomic}
     bool SegmentedCodeCache                       = true                                      {product} {ergonomic}
   size_t SoftMaxHeapSize                          = 1610612736                             {manageable} {ergonomic}
     bool UseCompressedOops                        = true                           {product lp64_product} {ergonomic}
     bool UseG1GC                                  = true                                      {product} {ergonomic}
     bool UseLargePagesIndividualAllocation        = false                                  {pd product} {ergonomic}

Logging:
Log output configuration:
 #0: stdout all=warning uptime,level,tags foldmultilines=false
 #1: stderr all=off uptime,level,tags foldmultilines=false

Environment Variables:
JAVA_HOME=C:\Program Files\Android\Android Studio\jbr
PATH=C:\Python314\Scripts\;C:\Python314\;C:\Windows\system32;C:\Windows;C:\Windows\System32\Wbem;C:\Windows\System32\WindowsPowerShell\v1.0\;C:\Windows\System32\OpenSSH\;C:\ProgramData\chocolatey\bin;C:\Program Files\Go\bin;C:\Program Files\Android\Android Studio\jbr\bin;C:\src\flutter\bin;C:\Program Files\Git\cmd;C:\Program Files\dotnet\;C:\Program Files (x86)\Google\Cloud SDK\google-cloud-sdk\bin;C:\Users\Rahul\AppData\Local\Microsoft\WindowsApps;C:\Users\Rahul\AppData\Local\Programs\Microsoft VS Code\bin;C:\Users\Rahul\go\bin;C:\Users\Rahul\.dotnet\tools;C:\Users\Rahul\AppData\Local\Microsoft\WinGet\Links;C:\Program Files\nodejs;
USERNAME=Rahul
OS=Windows_NT
PROCESSOR_IDENTIFIER=Intel64 Family 6 Model 58 Stepping 9, GenuineIntel
TMP=C:\Users\Rahul\AppData\Local\Temp
TEMP=C:\Users\Rahul\AppData\Local\Temp




Periodic native trim disabled

JNI global refs:
JNI global refs: 28, weak refs: 2

JNI global refs memory usage: 835, weak refs: 833

Process memory usage:
Resident Set Size: 658980K (7% of 8342916K total physical memory with 532404K free physical memory)

OOME stack traces (most recent first):
Classloader memory used:
Loader org.gradle.internal.classloader.VisitableURLClassLoader                         : 45176K
Loader bootstrap                                                                       : 32941K
Loader org.gradle.internal.classloader.VisitableURLClassLoader$InstrumentingVisitableURLClassLoader: 20397K
Loader org.gradle.initialization.MixInLegacyTypesClassLoader                           : 11154K
Loader jdk.internal.loader.ClassLoaders$PlatformClassLoader                            : 826K
Loader org.gradle.groovy.scripts.internal.DefaultScriptCompilationHandler$ScriptClassLoader: 390K
Loader jdk.internal.loader.ClassLoaders$AppClassLoader                                 : 236K
Loader org.gradle.internal.classloader.VisitableURLClassLoader                         : 219K
Loader jdk.internal.reflect.DelegatingClassLoader                                      : 214K
Loader groovy.lang.GroovyClassLoader$InnerLoader                                       : 112K
Loader org.codehaus.groovy.runtime.callsite.CallSiteClassLoader                        : 43640B

Classes loaded by more than one classloader:
Class _BuildScript_$_run_closure1                                                     : loaded 6 times (x 132B)
Class _BuildScript_                                                                   : loaded 6 times (x 174B)
Class _BuildScript_$_run_closure2                                                     : loaded 3 times (x 132B)
Class org.gradle.api.Action                                                           : loaded 3 times (x 70B)
Class _BuildScript_$_run_closure1$_closure3                                           : loaded 3 times (x 132B)
Class org.gradle.api.GradleException                                                  : loaded 3 times (x 82B)
Class org.gradle.internal.classloader.ClassLoaderHierarchy                            : loaded 2 times (x 70B)
Class com.google.common.collect.ImmutableEnumSet                                      : loaded 2 times (x 146B)
Class com.google.common.util.concurrent.ExecutionError                                : loaded 2 times (x 82B)
Class com.google.common.collect.ImmutableList$1                                       : loaded 2 times (x 97B)
Class org.gradle.api.internal.classpath.ManifestUtil                                  : loaded 2 times (x 71B)
Class com.google.gson.stream.MalformedJsonException                                   : loaded 2 times (x 82B)
Class com.google.common.collect.RegularImmutableMap                                   : loaded 2 times (x 121B)
Class com.google.common.collect.ImmutableMap$MapViewOfValuesAsSingletonSets           : loaded 2 times (x 126B)
Class [Lorg.objectweb.asm.Symbol;                                                     : loaded 2 times (x 69B)
Class org.objectweb.asm.ClassVisitor                                                  : loaded 2 times (x 88B)
Class com.google.common.collect.UnmodifiableListIterator                              : loaded 2 times (x 95B)
Class org.gradle.internal.operations.MultipleBuildOperationFailures                   : loaded 2 times (x 95B)
Class com.google.common.base.Platform$JdkPatternCompiler                              : loaded 2 times (x 75B)
Class org.objectweb.asm.MethodTooLargeException                                       : loaded 2 times (x 83B)
Class [Lcom.google.common.cache.CacheBuilder$OneWeigher;                              : loaded 2 times (x 69B)
Class com.google.common.base.Suppliers                                                : loaded 2 times (x 71B)
Class org.gradle.internal.classloader.DefaultClassLoaderFactory                       : loaded 2 times (x 82B)
Class com.google.common.base.CharMatcher$None                                         : loaded 2 times (x 112B)
Class org.gradle.internal.classloader.ClassLoaderVisitor                              : loaded 2 times (x 76B)
Class [Lcom.google.common.collect.ImmutableMapEntry;                                  : loaded 2 times (x 69B)
Class org.gradle.api.internal.classpath.EffectiveClassPath                            : loaded 2 times (x 90B)
Class com.google.common.collect.ListMultimap                                          : loaded 2 times (x 70B)
Class com.google.common.collect.ImmutableEnumMap                                      : loaded 2 times (x 126B)
Class com.google.common.base.Splitter                                                 : loaded 2 times (x 72B)
Class com.google.common.collect.Sets$1                                                : loaded 2 times (x 139B)
Class org.objectweb.asm.AnnotationVisitor                                             : loaded 2 times (x 78B)
Class org.gradle.api.internal.DefaultClassPathProvider                                : loaded 2 times (x 76B)
Class com.google.common.collect.Sets$2                                                : loaded 2 times (x 139B)
Class [Lorg.gradle.api.internal.ClassPathProvider;                                    : loaded 2 times (x 69B)
Class org.gradle.api.internal.ClassPathProvider                                       : loaded 2 times (x 70B)
Class com.google.common.base.AbstractIterator$State                                   : loaded 2 times (x 79B)
Class [Lorg.objectweb.asm.AnnotationVisitor;                                          : loaded 2 times (x 69B)
Class com.google.common.collect.Sets$3                                                : loaded 2 times (x 139B)
Class com.google.common.cache.LocalCache$LocalLoadingCache                            : loaded 2 times (x 134B)
Class org.gradle.internal.service.UnknownServiceException                             : loaded 2 times (x 83B)
Class com.google.common.collect.Sets$4                                                : loaded 2 times (x 139B)
Class org.objectweb.asm.ModuleVisitor                                                 : loaded 2 times (x 81B)
Class com.google.common.cache.LocalCache$Strength$1                                   : loaded 2 times (x 81B)
Class com.google.common.util.concurrent.SettableFuture                                : loaded 2 times (x 114B)
Class com.google.common.cache.LocalCache$Strength$2                                   : loaded 2 times (x 81B)
Class build_97232jozgarhquppusc5840f$_run_closure1$_closure3                          : loaded 2 times (x 139B)
Class com.google.common.base.Splitter$1                                               : loaded 2 times (x 77B)
Class com.google.common.cache.LocalCache$Strength$3                                   : loaded 2 times (x 81B)
Class com.google.common.collect.MapDifference                                         : loaded 2 times (x 70B)
Class org.objectweb.asm.FieldWriter                                                   : loaded 2 times (x 78B)
Class com.google.common.cache.CacheBuilder$NullListener                               : loaded 2 times (x 82B)
Class org.gradle.internal.classpath.TransformedClassPath                              : loaded 2 times (x 96B)
Class org.gradle.internal.classloader.InstrumentingClassLoader                        : loaded 2 times (x 70B)
Class com.google.common.cache.CacheLoader$FunctionToCacheLoader                       : loaded 2 times (x 75B)
Class com.google.common.collect.Iterators$ArrayItr                                    : loaded 2 times (x 97B)
Class com.google.common.collect.ImmutableCollection$Builder                           : loaded 2 times (x 76B)
Class com.google.common.base.CharMatcher$IsEither                                     : loaded 2 times (x 111B)
Class com.google.common.base.Joiner                                                   : loaded 2 times (x 79B)
Class com.google.common.base.MoreObjects                                              : loaded 2 times (x 71B)
Class com.google.common.collect.Platform                                              : loaded 2 times (x 71B)
Class [Lorg.objectweb.asm.Type;                                                       : loaded 2 times (x 69B)
Class com.google.common.collect.UnmodifiableIterator                                  : loaded 2 times (x 80B)
Class org.gradle.internal.service.ServiceLocator                                      : loaded 2 times (x 70B)
Class com.google.common.base.Ascii                                                    : loaded 2 times (x 71B)
Class com.google.common.collect.SingletonImmutableBiMap                               : loaded 2 times (x 143B)
Class com.google.common.cache.LocalCache$1                                            : loaded 2 times (x 89B)
Class com.google.common.collect.Iterators$SingletonIterator                           : loaded 2 times (x 81B)
Class com.google.common.collect.AbstractMapEntry                                      : loaded 2 times (x 81B)
Class com.google.common.collect.Sets$ImprovedAbstractSet                              : loaded 2 times (x 135B)
Class com.google.common.collect.ImmutableList$Builder                                 : loaded 2 times (x 77B)
Class com.google.common.collect.AbstractMultimap                                      : loaded 2 times (x 123B)
Class com.google.common.cache.LocalCache$2                                            : loaded 2 times (x 142B)
Class com.google.common.collect.RegularImmutableAsList                                : loaded 2 times (x 217B)
Class com.google.common.util.concurrent.AbstractFuture$Trusted                        : loaded 2 times (x 70B)
Class com.google.common.collect.Iterators                                             : loaded 2 times (x 71B)
Class com.google.common.collect.Lists$StringAsImmutableList                           : loaded 2 times (x 207B)
Class com.google.common.util.concurrent.UncheckedExecutionException                   : loaded 2 times (x 82B)
Class org.gradle.internal.InternalTransformer                                         : loaded 2 times (x 70B)
Class com.google.common.collect.AbstractMapBasedMultimap$KeySet$1                     : loaded 2 times (x 82B)
Class org.objectweb.asm.ClassWriter                                                   : loaded 2 times (x 106B)
Class com.google.common.base.CharMatcher$And                                          : loaded 2 times (x 112B)
Class com.google.common.cache.CacheLoader$UnsupportedLoadingOperationException        : loaded 2 times (x 82B)
Class org.gradle.internal.time.DefaultTimer                                           : loaded 2 times (x 80B)
Class org.gradle.internal.classloader.ClasspathUtil$1                                 : loaded 2 times (x 76B)
Class org.objectweb.asm.FieldVisitor                                                  : loaded 2 times (x 77B)
Class com.google.common.collect.IndexedImmutableSet                                   : loaded 2 times (x 152B)
Class com.google.common.collect.ImmutableMap$1                                        : loaded 2 times (x 81B)
Class com.google.common.collect.BiMap                                                 : loaded 2 times (x 70B)
Class org.gradle.api.internal.classpath.DefaultModuleRegistry$DefaultModule           : loaded 2 times (x 86B)
Class com.google.common.primitives.Ints                                               : loaded 2 times (x 71B)
Class com.google.common.collect.AbstractIterator                                      : loaded 2 times (x 82B)
Class com.google.common.collect.ObjectArrays                                          : loaded 2 times (x 71B)
Class com.google.common.collect.Multiset                                              : loaded 2 times (x 70B)
Class com.google.common.collect.ArrayListMultimapGwtSerializationDependencies         : loaded 2 times (x 172B)
Class com.google.common.collect.AbstractIndexedListIterator                           : loaded 2 times (x 96B)
Class com.google.common.math.MathPreconditions                                        : loaded 2 times (x 71B)
Class org.gradle.internal.time.DefaultCountdownTimer                                  : loaded 2 times (x 88B)
Class com.google.common.collect.ImmutableMapEntrySet                                  : loaded 2 times (x 152B)
Class org.gradle.api.internal.classpath.Module                                        : loaded 2 times (x 70B)
Class com.google.common.cache.Weigher                                                 : loaded 2 times (x 70B)
Class org.gradle.api.internal.classpath.UnknownModuleException                        : loaded 2 times (x 82B)
Class com.google.common.base.Stopwatch                                                : loaded 2 times (x 72B)
Class com.google.common.cache.LocalCache$Strength                                     : loaded 2 times (x 81B)
Class com.google.common.cache.Cache                                                   : loaded 2 times (x 70B)
Class com.google.gson.stream.JsonReader$1                                             : loaded 2 times (x 72B)
Class com.google.common.base.NullnessCasts                                            : loaded 2 times (x 71B)
Class com.google.common.util.concurrent.AbstractFuture$Cancellation                   : loaded 2 times (x 72B)
Class com.google.common.collect.ImmutableMap$Builder                                  : loaded 2 times (x 82B)
Class [Lcom.google.common.base.AbstractIterator$State;                                : loaded 2 times (x 69B)
Class org.gradle.api.internal.DefaultClassPathRegistry                                : loaded 2 times (x 76B)
Class com.google.common.primitives.IntsMethodsForWeb                                  : loaded 2 times (x 71B)
Class com.google.common.collect.Multimap                                              : loaded 2 times (x 70B)
Class org.gradle.api.internal.ClassPathRegistry                                       : loaded 2 times (x 70B)
Class org.gradle.internal.classpath.DefaultClassPath$ImmutableUniqueList              : loaded 2 times (x 199B)
Class com.google.common.cache.CacheBuilder                                            : loaded 2 times (x 72B)
Class com.google.common.collect.SingletonImmutableList                                : loaded 2 times (x 207B)
Class org.gradle.internal.classpath.ClassPath                                         : loaded 2 times (x 70B)
Class org.gradle.api.UncheckedIOException                                             : loaded 2 times (x 82B)
Class com.google.common.base.JdkPattern                                               : loaded 2 times (x 75B)
Class com.google.common.collect.ImmutableList$ReverseImmutableList                    : loaded 2 times (x 209B)
Class org.objectweb.asm.SymbolTable$Entry                                             : loaded 2 times (x 74B)
Class com.google.gson.internal.JsonReaderInternalAccess                               : loaded 2 times (x 72B)
Class org.objectweb.asm.Edge                                                          : loaded 2 times (x 72B)
Class com.google.common.base.Suppliers$SupplierOfInstance                             : loaded 2 times (x 79B)
Class com.google.common.collect.Iterators$1                                           : loaded 2 times (x 81B)
Class com.google.common.cache.LocalCache$ComputingValueReference                      : loaded 2 times (x 96B)
Class com.google.common.collect.SingletonImmutableSet                                 : loaded 2 times (x 146B)
Class com.google.common.collect.ImmutableMap$IteratorBasedImmutableMap                : loaded 2 times (x 126B)
Class com.google.common.cache.LocalCache$Segment                                      : loaded 2 times (x 154B)
Class org.gradle.internal.classloader.FilteringClassLoader                            : loaded 2 times (x 105B)
Class com.google.common.collect.AbstractListMultimap                                  : loaded 2 times (x 172B)
Class [Lorg.objectweb.asm.SymbolTable$Entry;                                          : loaded 2 times (x 69B)
Class com.google.common.cache.CacheLoader                                             : loaded 2 times (x 74B)
Class com.google.common.collect.Iterators$4                                           : loaded 2 times (x 82B)
Class com.google.common.collect.ImmutableBiMap                                        : loaded 2 times (x 143B)
Class org.gradle.internal.installation.GradleInstallation$1                           : loaded 2 times (x 75B)
Class org.gradle.api.internal.classpath.ModuleRegistry                                : loaded 2 times (x 70B)
Class com.google.common.collect.RegularImmutableMap$KeySet                            : loaded 2 times (x 152B)
Class com.google.common.base.Splitter$SplittingIterator                               : loaded 2 times (x 84B)
Class com.google.common.util.concurrent.internal.InternalFutureFailureAccess          : loaded 2 times (x 72B)
Class com.google.common.collect.Iterators$5                                           : loaded 2 times (x 82B)
Class com.google.common.collect.ImmutableSet$JdkBackedSetBuilderImpl                  : loaded 2 times (x 76B)
Class com.google.common.base.CharMatcher$ForPredicate                                 : loaded 2 times (x 112B)
Class com.google.common.cache.LocalCache$LocalManualCache$1                           : loaded 2 times (x 75B)
Class com.google.common.base.CharMatcher$AnyOf                                        : loaded 2 times (x 112B)
Class com.google.common.collect.ImmutableCollection                                   : loaded 2 times (x 125B)
Class org.gradle.api.internal.classpath.DefaultModuleRegistry                         : loaded 2 times (x 86B)
Class com.google.common.collect.Lists                                                 : loaded 2 times (x 71B)
Class com.google.common.util.concurrent.ListenableFuture                              : loaded 2 times (x 70B)
Class com.google.common.cache.ReferenceEntry                                          : loaded 2 times (x 70B)
Class com.google.common.base.Converter                                                : loaded 2 times (x 90B)
Class com.google.common.collect.ImmutableSet$CachingAsList                            : loaded 2 times (x 148B)
Class com.google.common.collect.AbstractMapBasedMultimap                              : loaded 2 times (x 139B)
Class com.google.common.util.concurrent.AbstractFuture                                : loaded 2 times (x 106B)
Class com.google.common.base.FunctionalEquivalence                                    : loaded 2 times (x 83B)
Class com.google.common.collect.Iterators$9                                           : loaded 2 times (x 81B)
Class com.google.common.collect.ImmutableAsList                                       : loaded 2 times (x 209B)
Class org.objectweb.asm.RecordComponentVisitor                                        : loaded 2 times (x 77B)
Class com.google.common.cache.CacheLoader$SupplierToCacheLoader                       : loaded 2 times (x 75B)
Class org.gradle.internal.time.MonotonicClock                                         : loaded 2 times (x 77B)
Class org.gradle.internal.service.ServiceLookupException                              : loaded 2 times (x 82B)
Class [Lcom.google.common.cache.LocalCache$EntryFactory;                              : loaded 2 times (x 69B)
Class org.gradle.internal.classloader.ClassLoaderFactory                              : loaded 2 times (x 70B)
Class com.google.common.base.CommonPattern                                            : loaded 2 times (x 74B)
Class com.google.common.base.CharMatcher$IsNot                                        : loaded 2 times (x 111B)
Class com.google.common.cache.LocalCache$LocalManualCache                             : loaded 2 times (x 99B)
Class org.gradle.internal.service.CachingServiceLocator                               : loaded 2 times (x 82B)
Class com.google.common.collect.AbstractMapBasedMultimap$KeySet                       : loaded 2 times (x 137B)
Class com.google.common.math.IntMath                                                  : loaded 2 times (x 71B)
Class org.objectweb.asm.commons.InstructionAdapter                                    : loaded 2 times (x 188B)
Class com.google.common.collect.ImmutableMapEntry                                     : loaded 2 times (x 85B)
Class org.gradle.internal.time.TimeSource                                             : loaded 2 times (x 70B)
Class com.google.common.base.Equivalence                                              : loaded 2 times (x 82B)
Class com.google.common.base.Function                                                 : loaded 2 times (x 70B)
Class com.google.common.collect.ImmutableMapEntry$NonTerminalImmutableMapEntry        : loaded 2 times (x 85B)
Class com.google.common.collect.IndexedImmutableSet$1                                 : loaded 2 times (x 213B)
Class com.google.common.cache.CacheBuilder$OneWeigher                                 : loaded 2 times (x 82B)
Class com.google.common.collect.RegularImmutableList                                  : loaded 2 times (x 213B)
Class org.gradle.internal.exceptions.ResolutionProvider                               : loaded 2 times (x 70B)
Class org.gradle.internal.classloader.ClasspathUtil                                   : loaded 2 times (x 71B)
Class com.google.common.util.concurrent.Uninterruptibles                              : loaded 2 times (x 71B)
Class build_97232jozgarhquppusc5840f                                                  : loaded 2 times (x 180B)
Class com.google.common.util.concurrent.LazyLogger                                    : loaded 2 times (x 72B)
Class com.google.common.collect.Maps                                                  : loaded 2 times (x 71B)
Class org.gradle.internal.time.TimeSource$1                                           : loaded 2 times (x 77B)
Class org.gradle.api.specs.Spec                                                       : loaded 2 times (x 70B)
Class [Lcom.google.common.collect.ImmutableEntry;                                     : loaded 2 times (x 69B)
Class com.google.common.cache.LocalCache$LoadingValueReference                        : loaded 2 times (x 96B)
Class com.google.common.base.Platform                                                 : loaded 2 times (x 71B)
Class org.gradle.internal.time.Clock                                                  : loaded 2 times (x 70B)
Class [Lorg.objectweb.asm.AnnotationWriter;                                           : loaded 2 times (x 69B)
Class com.google.common.collect.Maps$8                                                : loaded 2 times (x 82B)
Class com.google.common.collect.Sets$SetView                                          : loaded 2 times (x 138B)
Class com.google.common.cache.LocalCache$StrongValueReference                         : loaded 2 times (x 90B)
Class [Lcom.google.gson.stream.JsonToken;                                             : loaded 2 times (x 69B)
Class org.objectweb.asm.Type                                                          : loaded 2 times (x 72B)
Class org.gradle.internal.classloader.VisitableURLClassLoader$InstrumentingVisitableURLClassLoader: loaded 2 times (x 123B)
Class com.google.common.base.Equivalence$Identity                                     : loaded 2 times (x 82B)
Class org.objectweb.asm.ByteVector                                                    : loaded 2 times (x 79B)
Class [Lcom.google.common.cache.CacheBuilder$NullListener;                            : loaded 2 times (x 69B)
Class com.google.common.math.IntMath$1                                                : loaded 2 times (x 71B)
Class org.gradle.internal.classloader.VisitableURLClassLoader$Spec                    : loaded 2 times (x 74B)
Class org.gradle.internal.classpath.DefaultClassPath                                  : loaded 2 times (x 90B)
Class com.google.common.base.AbstractIterator                                         : loaded 2 times (x 80B)
Class org.objectweb.asm.Symbol                                                        : loaded 2 times (x 73B)
Class com.google.common.base.CharMatcher$BitSetMatcher                                : loaded 2 times (x 112B)
Class com.google.common.collect.ImmutableSet                                          : loaded 2 times (x 145B)
Class com.google.common.collect.RegularImmutableMap$Values                            : loaded 2 times (x 207B)
Class org.gradle.internal.classloader.ClassLoaderSpec                                 : loaded 2 times (x 71B)
Class org.objectweb.asm.AnnotationWriter                                              : loaded 2 times (x 79B)
Class com.google.common.cache.CacheStats                                              : loaded 2 times (x 71B)
Class org.objectweb.asm.RecordComponentWriter                                         : loaded 2 times (x 78B)
Class com.google.common.util.concurrent.AbstractFuture$Listener                       : loaded 2 times (x 72B)
Class com.google.common.base.CharMatcher$Or                                           : loaded 2 times (x 112B)
Class org.objectweb.asm.Attribute                                                     : loaded 2 times (x 77B)
Class com.google.common.base.Supplier                                                 : loaded 2 times (x 70B)
Class org.gradle.internal.classloader.VisitableURLClassLoader                         : loaded 2 times (x 117B)
Class com.google.common.cache.RemovalListener                                         : loaded 2 times (x 70B)
Class org.gradle.internal.Cast                                                        : loaded 2 times (x 71B)
Class com.google.common.base.Strings                                                  : loaded 2 times (x 71B)
Class com.google.common.collect.Sets                                                  : loaded 2 times (x 71B)
Class org.objectweb.asm.Handler                                                       : loaded 2 times (x 72B)
Class com.google.common.base.CharMatcher$FastMatcher                                  : loaded 2 times (x 111B)
Class com.google.common.base.Ticker                                                   : loaded 2 times (x 72B)
Class [Lcom.google.common.cache.LocalCache$Segment;                                   : loaded 2 times (x 69B)
Class com.google.common.base.Predicate                                                : loaded 2 times (x 70B)
Class [Lcom.google.common.cache.LocalCache$Strength;                                  : loaded 2 times (x 69B)
Class com.google.common.cache.CacheBuilder$1                                          : loaded 2 times (x 85B)
Class com.google.common.collect.ImmutableMap                                          : loaded 2 times (x 120B)
Class org.gradle.internal.classpath.DefaultClassPath$ImmutableUniqueList$Builder      : loaded 2 times (x 75B)
Class com.google.gson.stream.JsonToken                                                : loaded 2 times (x 79B)
Class com.google.common.base.CharMatcher$NegatedFastMatcher                           : loaded 2 times (x 113B)
Class com.google.common.cache.LocalCache                                              : loaded 2 times (x 187B)
Class com.google.common.cache.CacheBuilder$2                                          : loaded 2 times (x 79B)
Class com.google.common.collect.ArrayListMultimap                                     : loaded 2 times (x 172B)
Class com.google.common.cache.CacheBuilder$3                                          : loaded 2 times (x 72B)
Class [Lcom.google.common.collect.AbstractMapEntry;                                   : loaded 2 times (x 69B)
Class com.google.common.collect.ImmutableEntry                                        : loaded 2 times (x 82B)
Class com.google.common.base.PairwiseEquivalence                                      : loaded 2 times (x 83B)
Class org.gradle.internal.exceptions.NonGradleCauseExceptionsHolder                   : loaded 2 times (x 70B)
Class com.google.common.collect.CollectPreconditions                                  : loaded 2 times (x 71B)
Class com.google.common.collect.SortedMapDifference                                   : loaded 2 times (x 70B)
Class com.google.common.cache.LocalCache$EntryFactory                                 : loaded 2 times (x 83B)
Class build_97232jozgarhquppusc5840f$_run_closure1                                    : loaded 2 times (x 139B)
Class com.google.common.cache.LocalCache$AbstractReferenceEntry                       : loaded 2 times (x 107B)
Class org.gradle.internal.IoActions                                                   : loaded 2 times (x 71B)
Class org.objectweb.asm.SymbolTable                                                   : loaded 2 times (x 72B)
Class com.google.common.cache.CacheLoader$InvalidCacheLoadException                   : loaded 2 times (x 82B)
Class com.google.common.collect.ImmutableSet$RegularSetBuilderImpl                    : loaded 2 times (x 77B)
Class org.gradle.internal.classloader.SystemClassLoaderSpec                           : loaded 2 times (x 71B)
Class com.google.common.cache.LocalCache$StrongEntry                                  : loaded 2 times (x 108B)
Class com.google.common.util.concurrent.AbstractFuture$TrustedFuture                  : loaded 2 times (x 114B)
Class com.google.common.cache.LoadingCache                                            : loaded 2 times (x 70B)
Class org.gradle.internal.exceptions.MultiCauseException                              : loaded 2 times (x 70B)
Class org.gradle.internal.time.CountdownTimer                                         : loaded 2 times (x 70B)
Class org.objectweb.asm.MethodWriter                                                  : loaded 2 times (x 106B)
Class [Lcom.google.common.cache.Weigher;                                              : loaded 2 times (x 69B)
Class com.google.common.collect.RegularImmutableMap$BucketOverflowException           : loaded 2 times (x 82B)
Class org.gradle.tooling.model.ProjectModel                                           : loaded 2 times (x 70B)
Class com.google.common.collect.RegularImmutableBiMap                                 : loaded 2 times (x 149B)
Class com.google.common.base.CharMatcher$Negated                                      : loaded 2 times (x 113B)
Class com.google.common.base.CharMatcher$Is                                           : loaded 2 times (x 111B)
Class com.google.common.cache.LocalCache$ValueReference                               : loaded 2 times (x 70B)
Class org.gradle.internal.exceptions.DefaultMultiCauseException                       : loaded 2 times (x 95B)
Class com.google.common.base.PatternCompiler                                          : loaded 2 times (x 70B)
Class com.google.common.util.concurrent.AbstractFuture$Failure                        : loaded 2 times (x 72B)
Class com.google.common.base.Equivalence$Equals                                       : loaded 2 times (x 82B)
Class com.google.common.collect.Hashing                                               : loaded 2 times (x 71B)
Class com.google.common.base.Preconditions                                            : loaded 2 times (x 71B)
Class com.google.common.base.Joiner$1                                                 : loaded 2 times (x 80B)
Class org.objectweb.asm.Label                                                         : loaded 2 times (x 73B)
Class org.objectweb.asm.CurrentFrame                                                  : loaded 2 times (x 73B)
Class org.objectweb.asm.ClassTooLargeException                                        : loaded 2 times (x 83B)
Class com.google.common.base.CharMatcher                                              : loaded 2 times (x 111B)
Class com.google.gson.stream.JsonReader                                               : loaded 2 times (x 97B)
Class com.google.common.collect.PeekingIterator                                       : loaded 2 times (x 70B)
Class org.gradle.internal.time.Time                                                   : loaded 2 times (x 71B)
Class com.google.common.base.Joiner$2                                                 : loaded 2 times (x 79B)
Class org.objectweb.asm.Frame                                                         : loaded 2 times (x 73B)
Class org.objectweb.asm.MethodVisitor                                                 : loaded 2 times (x 105B)
Class com.google.common.base.CharMatcher$NamedFastMatcher                             : loaded 2 times (x 112B)
Class com.google.common.base.CharMatcher$1                                            : loaded 2 times (x 113B)
Class com.google.common.cache.LocalCache$EntryFactory$1                               : loaded 2 times (x 83B)
Class [Lcom.google.common.cache.RemovalListener;                                      : loaded 2 times (x 69B)
Class com.google.common.cache.LocalCache$EntryFactory$2                               : loaded 2 times (x 83B)
Class org.gradle.api.internal.classpath.GlobalCacheRootsProvider                      : loaded 2 times (x 70B)
Class org.objectweb.asm.ModuleWriter                                                  : loaded 2 times (x 82B)
Class com.google.common.cache.LocalCache$EntryFactory$3                               : loaded 2 times (x 83B)
Class com.google.common.base.Ticker$1                                                 : loaded 2 times (x 72B)
Class com.google.common.collect.Maps$BiMapConverter                                   : loaded 2 times (x 90B)
Class com.google.common.collect.ImmutableMapEntrySet$RegularEntrySet                  : loaded 2 times (x 152B)
Class com.google.common.base.CharMatcher$InRange                                      : loaded 2 times (x 111B)
Class com.google.common.cache.LocalCache$EntryFactory$4                               : loaded 2 times (x 83B)
Class com.google.common.collect.ImmutableSet$Builder                                  : loaded 2 times (x 85B)
Class com.google.common.cache.LocalCache$EntryFactory$5                               : loaded 2 times (x 83B)
Class com.google.common.cache.LocalCache$EntryFactory$6                               : loaded 2 times (x 83B)
Class org.gradle.internal.time.Timer                                                  : loaded 2 times (x 70B)
Class org.gradle.internal.installation.CurrentGradleInstallationLocator               : loaded 2 times (x 71B)
Class com.google.common.collect.Maps$KeySet                                           : loaded 2 times (x 137B)
Class com.google.common.cache.LocalCache$EntryFactory$7                               : loaded 2 times (x 83B)
Class com.google.common.collect.ImmutableSet$EmptySetBuilderImpl                      : loaded 2 times (x 76B)
Class com.google.common.collect.ImmutableList                                         : loaded 2 times (x 206B)
Class org.gradle.internal.service.DefaultServiceLocator                               : loaded 2 times (x 83B)
Class com.google.common.cache.LocalCache$EntryFactory$8                               : loaded 2 times (x 83B)
Class com.google.common.collect.ImmutableSet$SetBuilderImpl                           : loaded 2 times (x 76B)
Class org.gradle.util.GradleVersion                                                   : loaded 2 times (x 83B)
Class org.gradle.internal.installation.CurrentGradleInstallation                      : loaded 2 times (x 73B)
Class com.google.common.cache.CacheLoader$1                                           : loaded 2 times (x 75B)
Class com.google.common.collect.ImmutableList$SubList                                 : loaded 2 times (x 209B)
Class org.gradle.util.internal.GUtil                                                  : loaded 2 times (x 71B)
Class com.google.common.cache.AbstractCache$StatsCounter                              : loaded 2 times (x 70B)
Class com.google.common.collect.Iterators$MergingIterator                             : loaded 2 times (x 81B)
Class com.google.common.collect.RegularImmutableSet                                   : loaded 2 times (x 149B)
Class org.gradle.internal.installation.GradleInstallation                             : loaded 2 times (x 75B)
Class com.google.common.base.Splitter$Strategy                                        : loaded 2 times (x 70B)
Class com.google.common.collect.Iterables                                             : loaded 2 times (x 71B)

---------------  S Y S T E M  ---------------

OS:
 Windows 10 , 64 bit Build 19041 (10.0.19041.5915)
OS uptime: 0 days 0:57 hours

CPU: total 4 (initial active 4) (4 cores per cpu, 1 threads per core) family 6 model 58 stepping 9 microcode 0x21, cx8, cmov, fxsr, mmx, sse, sse2, sse3, ssse3, sse4.1, sse4.2, popcnt, tsc, tscinvbit, avx, aes, erms, clmul, vzeroupper, clflush, rdtscp, f16c
Processor Information for the first 4 processors :
  Max Mhz: 3401, Current Mhz: 3401, Mhz Limit: 3401

Memory: 4k page, system-wide physical 8147M (519M free)
TotalPageFile size 19411M (AvailPageFile size 7332M)
current process WorkingSet (physical memory assigned to process): 642M, peak: 655M
current process commit charge ("private bytes"): 668M, peak: 682M

vm_info: OpenJDK 64-Bit Server VM (21.0.8+-14196175-b1038.72) for windows-amd64 JRE (21.0.8+-14196175-b1038.72), built on 2025-10-01T10:24:33Z by "builder" with MS VC++ 16.10 / 16.11 (VS2019)

END.
